"pop_comb","emp_tau","n","se","ci","model","calibration","h2_target","ratio","n_causal","fraction","h2_AFR","V_AFR","h2_EUR","V_EUR","h2_ASN","V_ASN","beta_common","beta_rare","rare_share","variance_ratio","exact"
"EUR-AFR",0.943374943199666,197,0.0167118486524254,0.0329581256176254,"model1_allthree","EUR",0.1,1,1000,0.1,0.0920841172013687,0.0101427307094145,0.1,0.0111111111111111,0.0977758271649739,0.0108374905155735,0.00617063811854076,0.00617063811854076,0.1,0.912845763847304,0.920841172013687
"EUR-ASN",1.00693570462574,195,0.0175838832325012,0.0346801219961775,"model1_allthree","EUR",0.1,1,1000,0.1,0.0920841172013687,0.0101427307094145,0.1,0.0111111111111111,0.0977758271649739,0.0108374905155735,0.00617063811854076,0.00617063811854076,0.1,0.912845763847304,0.977758271649739
"AFR-EUR",1.09376885578417,194,0.0196027273072764,0.0386630800001274,"model1_allthree","EUR",0.1,1,1000,0.1,0.0920841172013687,0.0101427307094145,0.1,0.0111111111111111,0.0977758271649739,0.0108374905155735,0.00617063811854076,0.00617063811854076,0.1,0.912845763847304,1.08631627835216
"AFR-ASN",1.09300396611081,195,0.0191945122569003,0.0378567133280343,"model1_allthree","EUR",0.1,1,1000,0.1,0.0920841172013687,0.0101427307094145,0.1,0.0111111111111111,0.0977758271649739,0.0108374905155735,0.00617063811854076,0.00617063811854076,0.1,0.912845763847304,1.06204394875864
"ASN-EUR",1.02244796744154,196,0.0175783548781086,0.0346681027052402,"model1_allthree","EUR",0.1,1,1000,0.1,0.0920841172013687,0.0101427307094145,0.1,0.0111111111111111,0.0977758271649739,0.0108374905155735,0.00617063811854076,0.00617063811854076,0.1,0.912845763847304,1.02297619153202
"ASN-AFR",0.947546599089246,197,0.0174731041877775,0.0344594290391116,"model1_allthree","EUR",0.1,1,1000,0.1,0.0920841172013687,0.0101427307094145,0.1,0.0111111111111111,0.0977758271649739,0.0108374905155735,0.00617063811854076,0.00617063811854076,0.1,0.912845763847304,0.941900752802019
"EUR-AFR",0.97882699967057,199,0.0180569262646732,0.0356085741899371,"model1_allthree","EUR",0.1,10,1000,0.1,0.093295701372057,0.0102900352850642,0.1,0.0111111111111111,0.0976372295962147,0.0108205476864279,0.00609899610442552,0.0609899610442552,0.1,0.926103175655779,0.93295701372057
"EUR-ASN",0.988687674168162,196,0.0185921111160228,0.0366674368646532,"model1_allthree","EUR",0.1,10,1000,0.1,0.093295701372057,0.0102900352850642,0.1,0.0111111111111111,0.0976372295962147,0.0108205476864279,0.00609899610442552,0.0609899610442552,0.1,0.926103175655779,0.976372295962147
"AFR-EUR",1.08059546319982,198,0.0202725589398152,0.0399790884462484,"model1_allthree","EUR",0.1,10,1000,0.1,0.093295701372057,0.0102900352850642,0.1,0.0111111111111111,0.0976372295962147,0.0108205476864279,0.00609899610442552,0.0609899610442552,0.1,0.926103175655779,1.07231693217824
"AFR-ASN",1.05259660797021,197,0.0205845028660028,0.0405955466294646,"model1_allthree","EUR",0.1,10,1000,0.1,0.093295701372057,0.0102900352850642,0.1,0.0111111111111111,0.0976372295962147,0.0108205476864279,0.00609899610442552,0.0609899610442552,0.1,0.926103175655779,1.04684542122891
"ASN-EUR",1.06297798132993,199,0.0195905026291668,0.0386328135843153,"model1_allthree","EUR",0.1,10,1000,0.1,0.093295701372057,0.0102900352850642,0.1,0.0111111111111111,0.0976372295962147,0.0108205476864279,0.00609899610442552,0.0609899610442552,0.1,0.926103175655779,1.02449443549499
"ASN-AFR",0.996916652307881,196,0.0190561786100712,0.0375826726564775,"model1_allthree","EUR",0.1,10,1000,0.1,0.093295701372057,0.0102900352850642,0.1,0.0111111111111111,0.0976372295962147,0.0108205476864279,0.00609899610442552,0.0609899610442552,0.1,0.926103175655779,0.95568608967203
"EUR-AFR",0.942010912917651,195,0.0182511069779963,0.0359960657263853,"model1_allthree","EUR",0.1,2,1000,0.1,0.0921178159111334,0.0101468005104552,0.1,0.0111111111111111,0.0977960798134183,0.0108399524938293,0.00616741375462107,0.0123348275092421,0.1,0.913212045940971,0.921178159111334
"EUR-ASN",0.976983633534371,197,0.0140727443042032,0.0277534391442288,"model1_allthree","EUR",0.1,2,1000,0.1,0.0921178159111334,0.0101468005104552,0.1,0.0111111111111111,0.0977960798134183,0.0108399524938293,0.00616741375462107,0.0123348275092421,0.1,0.913212045940971,0.977960798134183
"AFR-EUR",1.11012083383346,197,0.0209272118834746,0.0412714172098559,"model1_allthree","EUR",0.1,2,1000,0.1,0.0921178159111334,0.0101468005104552,0.1,0.0111111111111111,0.0977960798134183,0.0108399524938293,0.00616741375462107,0.0123348275092421,0.1,0.913212045940971,1.0858997486125
"AFR-ASN",1.06938090710484,196,0.019658886432616,0.0387713354658315,"model1_allthree","EUR",0.1,2,1000,0.1,0.0921178159111334,0.0101468005104552,0.1,0.0111111111111111,0.0977960798134183,0.0108399524938293,0.00616741375462107,0.0123348275092421,0.1,0.913212045940971,1.06188766998343
"ASN-EUR",1.04722217307775,195,0.0148028546870194,0.0291951896887396,"model1_allthree","EUR",0.1,2,1000,0.1,0.0921178159111334,0.0101468005104552,0.1,0.0111111111111111,0.0977960798134183,0.0108399524938293,0.00616741375462107,0.0123348275092421,0.1,0.913212045940971,1.02274481441614
"ASN-AFR",0.979555946775461,197,0.0184516512833032,0.0363892621035354,"model1_allthree","EUR",0.1,2,1000,0.1,0.0921178159111334,0.0101468005104552,0.1,0.0111111111111111,0.0977960798134183,0.0108399524938293,0.00616741375462107,0.0123348275092421,0.1,0.913212045940971,0.942059414844713
"EUR-AFR",0.949248859127568,198,0.017098844581061,0.0337202729001476,"model1_allthree","EUR",0.1,5,1000,0.1,0.0921738982664967,0.0101536578715768,0.1,0.0111111111111111,0.097703975613436,0.0108287009638755,0.00615409539099405,0.0307704769549702,0.1,0.913829208441908,0.921738982664967
"EUR-ASN",0.994719526271517,197,0.0182594994521446,0.0360103115564897,"model1_allthree","EUR",0.1,5,1000,0.1,0.0921738982664967,0.0101536578715768,0.1,0.0111111111111111,0.097703975613436,0.0108287009638755,0.00615409539099405,0.0307704769549702,0.1,0.913829208441908,0.97703975613436
"AFR-EUR",1.11630972946047,200,0.0203089952776496,0.0400484561449391,"model1_allthree","EUR",0.1,5,1000,0.1,0.0921738982664967,0.0101536578715768,0.1,0.0111111111111111,0.097703975613436,0.0108287009638755,0.00615409539099405,0.0307704769549702,0.1,0.913829208441908,1.08529060226617
"AFR-ASN",1.06411837630567,195,0.0184566135940553,0.0364013797529693,"model1_allthree","EUR",0.1,5,1000,0.1,0.0921738982664967,0.0101536578715768,0.1,0.0111111111111111,0.097703975613436,0.0108287009638755,0.00615409539099405,0.0307704769549702,0.1,0.913829208441908,1.0602517809145
"ASN-EUR",1.05563039726976,198,0.0188302411372085,0.0371347237476823,"model1_allthree","EUR",0.1,5,1000,0.1,0.0921738982664967,0.0101536578715768,0.1,0.0111111111111111,0.097703975613436,0.0108287009638755,0.00615409539099405,0.0307704769549702,0.1,0.913829208441908,1.02375787485906
"ASN-AFR",0.960136641783176,193,0.016676892213587,0.0328934436881271,"model1_allthree","EUR",0.1,5,1000,0.1,0.0921738982664967,0.0101536578715768,0.1,0.0111111111111111,0.097703975613436,0.0108287009638755,0.00615409539099405,0.0307704769549702,0.1,0.913829208441908,0.94353064369332
"EUR-AFR",0.9145443598073,193,0.0159050121941284,0.0313709902460303,"model1_allthree","EUR",0.1,1,1000,0.2,0.0920641836381246,0.0101402842815938,0.1,0.0111111111111111,0.0976754466119789,0.010825132339225,0.0065384325665317,0.0065384325665317,0.2,0.912625585343444,0.920641836381246
"EUR-ASN",0.975532996304858,192,0.0166365558111428,0.03281497397812,"model1_allthree","EUR",0.1,1,1000,0.2,0.0920641836381246,0.0101402842815938,0.1,0.0111111111111111,0.0976754466119789,0.010825132339225,0.0065384325665317,0.0065384325665317,0.2,0.912625585343444,0.976754466119789
"AFR-EUR",1.12076541304706,196,0.0190883640029071,0.0376461488186201,"model1_allthree","EUR",0.1,1,1000,0.2,0.0920641836381246,0.0101402842815938,0.1,0.0111111111111111,0.0976754466119789,0.010825132339225,0.0065384325665317,0.0065384325665317,0.2,0.912625585343444,1.08652509508899
"AFR-ASN",1.07868404298265,193,0.0187104511183237,0.0369044281367133,"model1_allthree","EUR",0.1,1,1000,0.2,0.0920641836381246,0.0101402842815938,0.1,0.0111111111111111,0.0976754466119789,0.010825132339225,0.0065384325665317,0.0065384325665317,0.2,0.912625585343444,1.06116861534702
"ASN-EUR",1.04849840488534,196,0.0182080692805109,0.0359100280008001,"model1_allthree","EUR",0.1,1,1000,0.2,0.0920641836381246,0.0101402842815938,0.1,0.0111111111111111,0.0976754466119789,0.010825132339225,0.0065384325665317,0.0065384325665317,0.2,0.912625585343444,1.02400625798511
"ASN-AFR",0.946398710339289,194,0.0166758819392875,0.032890370170687,"model1_allthree","EUR",0.1,1,1000,0.2,0.0920641836381246,0.0101402842815938,0.1,0.0111111111111111,0.0976754466119789,0.010825132339225,0.0065384325665317,0.0065384325665317,0.2,0.912625585343444,0.942655031171133
"EUR-AFR",0.940292211565567,197,0.0160595918499424,0.0316717830903392,"model1_allthree","EUR",0.1,10,1000,0.2,0.0948394032978869,0.0104784356263926,0.1,0.0111111111111111,0.097220397303512,0.0107695817914297,0.00636736582651858,0.0636736582651858,0.2,0.94305920637533,0.948394032978869
"EUR-ASN",0.984470680406384,195,0.0148576859671654,0.0293033316423415,"model1_allthree","EUR",0.1,10,1000,0.2,0.0948394032978869,0.0104784356263926,0.1,0.0111111111111111,0.097220397303512,0.0107695817914297,0.00636736582651858,0.0636736582651858,0.2,0.94305920637533,0.97220397303512
"AFR-EUR",1.09934016228155,195,0.0194761050060999,0.0384120895646912,"model1_allthree","EUR",0.1,10,1000,0.2,0.0948394032978869,0.0104784356263926,0.1,0.0111111111111111,0.097220397303512,0.0107695817914297,0.00636736582651858,0.0636736582651858,0.2,0.94305920637533,1.05511340282762
"AFR-ASN",1.07846550815147,197,0.018417922195836,0.0363227435797724,"model1_allthree","EUR",0.1,10,1000,0.2,0.0948394032978869,0.0104784356263926,0.1,0.0111111111111111,0.097220397303512,0.0107695817914297,0.00636736582651858,0.0636736582651858,0.2,0.94305920637533,1.02552145240905
"ASN-EUR",1.0266059958163,193,0.0154485209976507,0.0304706086117812,"model1_allthree","EUR",0.1,10,1000,0.2,0.0948394032978869,0.0104784356263926,0.1,0.0111111111111111,0.097220397303512,0.0107695817914297,0.00636736582651858,0.0636736582651858,0.2,0.94305920637533,1.02905157908015
"ASN-AFR",0.966318495278628,198,0.0164361238645428,0.0324133352698513,"model1_allthree","EUR",0.1,10,1000,0.2,0.0948394032978869,0.0104784356263926,0.1,0.0111111111111111,0.097220397303512,0.0107695817914297,0.00636736582651858,0.0636736582651858,0.2,0.94305920637533,0.975695523073876
"EUR-AFR",0.919928731594711,194,0.0164075213806194,0.0323610741402915,"model1_allthree","EUR",0.1,2,1000,0.2,0.0921388387001335,0.0101493683001182,0.1,0.0111111111111111,0.0975508204296409,0.0108099797158038,0.00654065421169672,0.0130813084233934,0.2,0.913443147010636,0.921388387001335
"EUR-ASN",1.01635783248958,197,0.0174754660532054,0.034464086971282,"model1_allthree","EUR",0.1,2,1000,0.2,0.0921388387001335,0.0101493683001182,0.1,0.0111111111111111,0.0975508204296409,0.0108099797158038,0.00654065421169672,0.0130813084233934,0.2,0.913443147010636,0.975508204296409
"AFR-EUR",1.10938991984625,194,0.0192613284878667,0.0379897282945266,"model1_allthree","EUR",0.1,2,1000,0.2,0.0921388387001335,0.0101493683001182,0.1,0.0111111111111111,0.0975508204296409,0.0108099797158038,0.00654065421169672,0.0130813084233934,0.2,0.913443147010636,1.08567131332151
"AFR-ASN",1.09934081281043,193,0.0180063038369837,0.0355155705096288,"model1_allthree","EUR",0.1,2,1000,0.2,0.0921388387001335,0.0101493683001182,0.1,0.0111111111111111,0.0975508204296409,0.0108099797158038,0.00654065421169672,0.0130813084233934,0.2,0.913443147010636,1.05895777403574
"ASN-EUR",1.02340317283461,197,0.0175074235943657,0.0345271117555472,"model1_allthree","EUR",0.1,2,1000,0.2,0.0921388387001335,0.0101493683001182,0.1,0.0111111111111111,0.0975508204296409,0.0108099797158038,0.00654065421169672,0.0130813084233934,0.2,0.913443147010636,1.0254361215248
"ASN-AFR",0.911355488074348,190,0.0152837123915204,0.0301485758538877,"model1_allthree","EUR",0.1,2,1000,0.2,0.0921388387001335,0.0101493683001182,0.1,0.0111111111111111,0.0975508204296409,0.0108099797158038,0.00654065421169672,0.0130813084233934,0.2,0.913443147010636,0.944715227645346
"EUR-AFR",0.953596862438127,196,0.0165455858979791,0.0326312715386044,"model1_allthree","EUR",0.1,5,1000,0.2,0.0927893814078493,0.0102283939391994,0.1,0.0111111111111111,0.0975377346281479,0.0108082662985961,0.00649919400592018,0.0324959700296009,0.2,0.920555454527948,0.927893814078493
"EUR-ASN",1.00438280477762,196,0.0178029054257707,0.0351109622050539,"model1_allthree","EUR",0.1,5,1000,0.2,0.0927893814078493,0.0102283939391994,0.1,0.0111111111111111,0.0975377346281479,0.0108082662985961,0.00649919400592018,0.0324959700296009,0.2,0.920555454527948,0.975377346281479
"AFR-EUR",1.09827150918448,199,0.0200918464076257,0.0396214722778407,"model1_allthree","EUR",0.1,5,1000,0.2,0.0927893814078493,0.0102283939391994,0.1,0.0111111111111111,0.0975377346281479,0.0108082662985961,0.00649919400592018,0.0324959700296009,0.2,0.920555454527948,1.07808968487469
"AFR-ASN",1.07996092220333,196,0.0181890298845552,0.0358724784269625,"model1_allthree","EUR",0.1,5,1000,0.2,0.0927893814078493,0.0102283939391994,0.1,0.0111111111111111,0.0975377346281479,0.0108082662985961,0.00649919400592018,0.0324959700296009,0.2,0.920555454527948,1.0514727167028
"ASN-EUR",1.02425646942466,195,0.0177198881906455,0.0349483601593957,"model1_allthree","EUR",0.1,5,1000,0.2,0.0927893814078493,0.0102283939391994,0.1,0.0111111111111111,0.0975377346281479,0.0108082662985961,0.00649919400592018,0.0324959700296009,0.2,0.920555454527948,1.02548857910484
"ASN-AFR",0.960282294754682,196,0.0156749591800852,0.0309142179984316,"model1_allthree","EUR",0.1,5,1000,0.2,0.0927893814078493,0.0102283939391994,0.1,0.0111111111111111,0.0975377346281479,0.0108082662985961,0.00649919400592018,0.0324959700296009,0.2,0.920555454527948,0.951479406073204
"EUR-AFR",0.925345490278577,195,0.0176695439277547,0.0348490678042443,"model1_allthree","EUR",0.1,1,1000,0.3,0.0921748464105636,0.010153879538909,0.1,0.0111111111111111,0.0979047602650453,0.0108534959427222,0.00699579741481268,0.00699579741481268,0.3,0.913849158501814,0.921748464105636
"EUR-ASN",1.00792429702607,196,0.01929250490592,0.0380487563345717,"model1_allthree","EUR",0.1,1,1000,0.3,0.0921748464105636,0.010153879538909,0.1,0.0111111111111111,0.0979047602650453,0.0108534959427222,0.00699579741481268,0.00699579741481268,0.3,0.913849158501814,0.979047602650453
"AFR-EUR",1.12032669729521,194,0.0217312763526837,0.0428612847058691,"model1_allthree","EUR",0.1,1,1000,0.3,0.0921748464105636,0.010153879538909,0.1,0.0111111111111111,0.0979047602650453,0.0108534959427222,0.00699579741481268,0.00699579741481268,0.3,0.913849158501814,1.08538304582003
"AFR-ASN",1.10823990540141,196,0.0202966645388971,0.0400291640308493,"model1_allthree","EUR",0.1,1,1000,0.3,0.0921748464105636,0.010153879538909,0.1,0.0111111111111111,0.0979047602650453,0.0108534959427222,0.00699579741481268,0.00699579741481268,0.3,0.913849158501814,1.062466804991
"ASN-EUR",1.03202273277118,195,0.0190854814226236,0.03764167535354,"model1_allthree","EUR",0.1,1,1000,0.3,0.0921748464105636,0.010153879538909,0.1,0.0111111111111111,0.0979047602650453,0.0108534959427222,0.00699579741481268,0.00699579741481268,0.3,0.913849158501814,1.02175896359962
"ASN-AFR",0.940134309862216,196,0.0173846827844504,0.0342861418175098,"model1_allthree","EUR",0.1,1,1000,0.3,0.0921748464105636,0.010153879538909,0.1,0.0111111111111111,0.0979047602650453,0.0108534959427222,0.00699579741481268,0.00699579741481268,0.3,0.913849158501814,0.941649769035128
"EUR-AFR",0.965739485867603,191,0.0158695328224679,0.0313031007275128,"model1_allthree","EUR",0.1,10,1000,0.3,0.0968302962061881,0.010722237333365,0.1,0.0111111111111111,0.0968129208509463,0.0107198401799366,0.00668037578731576,0.0668037578731576,0.3,0.965001360002847,0.968302962061881
"EUR-ASN",0.962022162089789,195,0.0175435842187508,0.0346006415597625,"model1_allthree","EUR",0.1,10,1000,0.3,0.0968302962061881,0.010722237333365,0.1,0.0111111111111111,0.0968129208509463,0.0107198401799366,0.00668037578731576,0.0668037578731576,0.3,0.965001360002847,0.968129208509463
"AFR-EUR",1.04514432695133,194,0.0177868156745309,0.0350814999664175,"model1_allthree","EUR",0.1,10,1000,0.3,0.0968302962061881,0.010722237333365,0.1,0.0111111111111111,0.0968129208509463,0.0107198401799366,0.00668037578731576,0.0668037578731576,0.3,0.965001360002847,1.03359950538289
"AFR-ASN",0.975625399499731,190,0.0168498168551229,0.033237865812146,"model1_allthree","EUR",0.1,10,1000,0.3,0.0968302962061881,0.010722237333365,0.1,0.0111111111111111,0.0968129208509463,0.0107198401799366,0.00668037578731576,0.0668037578731576,0.3,0.965001360002847,1.00035432502191
"ASN-EUR",1.07228039256581,195,0.0191716999147633,0.0378117212862954,"model1_allthree","EUR",0.1,10,1000,0.3,0.0968302962061881,0.010722237333365,0.1,0.0111111111111111,0.0968129208509463,0.0107198401799366,0.00668037578731576,0.0668037578731576,0.3,0.965001360002847,1.03357717787473
"ASN-AFR",1.03378918928907,194,0.0183155901020986,0.0361244185192602,"model1_allthree","EUR",0.1,10,1000,0.3,0.0968302962061881,0.010722237333365,0.1,0.0111111111111111,0.0968129208509463,0.0107198401799366,0.00668037578731576,0.0668037578731576,0.3,0.965001360002847,1.00051189906193
"EUR-AFR",0.932638809352406,197,0.015885766336984,0.0313289746308573,"model1_allthree","EUR",0.1,2,1000,0.3,0.0923956993813668,0.0101806279281792,0.1,0.0111111111111111,0.0975789830955011,0.0108134242282893,0.00698043422298102,0.013960868445962,0.3,0.916256513536129,0.923956993813668
"EUR-ASN",0.983976671107824,196,0.0159980755676066,0.0315514694469323,"model1_allthree","EUR",0.1,2,1000,0.3,0.0923956993813668,0.0101806279281792,0.1,0.0111111111111111,0.0975789830955011,0.0108134242282893,0.00698043422298102,0.013960868445962,0.3,0.916256513536129,0.975789830955011
"AFR-EUR",1.10570734029556,194,0.0190405415097586,0.0375542631440006,"model1_allthree","EUR",0.1,2,1000,0.3,0.0923956993813668,0.0101806279281792,0.1,0.0111111111111111,0.0975789830955011,0.0108134242282893,0.00698043422298102,0.013960868445962,0.3,0.916256513536129,1.08273050897307
"AFR-ASN",1.06658861341279,193,0.0189068738672221,0.037291851677455,"model1_allthree","EUR",0.1,2,1000,0.3,0.0923956993813668,0.0101806279281792,0.1,0.0111111111111111,0.0975789830955011,0.0108134242282893,0.00698043422298102,0.013960868445962,0.3,0.916256513536129,1.05637330993557
"ASN-EUR",1.042413757487,195,0.0170331574471133,0.0335939434103012,"model1_allthree","EUR",0.1,2,1000,0.3,0.0923956993813668,0.0101806279281792,0.1,0.0111111111111111,0.0975789830955011,0.0108134242282893,0.00698043422298102,0.013960868445962,0.3,0.916256513536129,1.02512899519271
"ASN-AFR",0.971800794692966,199,0.0176797055856843,0.0348646884179697,"model1_allthree","EUR",0.1,2,1000,0.3,0.0923956993813668,0.0101806279281792,0.1,0.0111111111111111,0.0975789830955011,0.0108134242282893,0.00698043422298102,0.013960868445962,0.3,0.916256513536129,0.947044993268138
"EUR-AFR",0.958929481226346,195,0.0156169469799207,0.0308007974865542,"model1_allthree","EUR",0.1,5,1000,0.3,0.0931756426853115,0.0102753952755401,0.1,0.0111111111111111,0.0972914506716762,0.0107780979167859,0.00691248466551866,0.0345624233275933,0.3,0.924785574798609,0.931756426853115
"EUR-ASN",1.00304404977407,200,0.0171574307115542,0.0338337077741953,"model1_allthree","EUR",0.1,5,1000,0.3,0.0931756426853115,0.0102753952755401,0.1,0.0111111111111111,0.0972914506716762,0.0107780979167859,0.00691248466551866,0.0345624233275933,0.3,0.924785574798609,0.972914506716762
"AFR-EUR",1.06462066270861,195,0.0171312462832061,0.0337874008370357,"model1_allthree","EUR",0.1,5,1000,0.3,0.0931756426853115,0.0102753952755401,0.1,0.0111111111111111,0.0972914506716762,0.0107780979167859,0.00691248466551866,0.0345624233275933,0.3,0.924785574798609,1.07366319314596
"AFR-ASN",1.03567866266607,193,0.0179592460156557,0.0354227538279525,"model1_allthree","EUR",0.1,5,1000,0.3,0.0931756426853115,0.0102753952755401,0.1,0.0111111111111111,0.0972914506716762,0.0107780979167859,0.00691248466551866,0.0345624233275933,0.3,0.924785574798609,1.04445724787296
"ASN-EUR",1.05126262525021,199,0.0173820510147637,0.0342777084017565,"model1_allthree","EUR",0.1,5,1000,0.3,0.0931756426853115,0.0102753952755401,0.1,0.0111111111111111,0.0972914506716762,0.0107780979167859,0.00691248466551866,0.0345624233275933,0.3,0.924785574798609,1.02813563854821
"ASN-AFR",0.986009035720151,195,0.0170229253473988,0.0335737629722441,"model1_allthree","EUR",0.1,5,1000,0.3,0.0931756426853115,0.0102753952755401,0.1,0.0111111111111111,0.0972914506716762,0.0107780979167859,0.00691248466551866,0.0345624233275933,0.3,0.924785574798609,0.957858447566468
"EUR-AFR",0.982972417125576,198,0.0170738563258037,0.033670994085864,"model1_allthree","EUR",0.1,1,1000,0.4,0.0923149823672788,0.0101708649841413,0.1,0.0111111111111111,0.0977868896140762,0.0108389643728873,0.00756138217127011,0.00756138217127011,0.4,0.915377848572714,0.923149823672787
"EUR-ASN",1.03221856882702,199,0.0181421259923259,0.0357765895419752,"model1_allthree","EUR",0.1,1,1000,0.4,0.0923149823672788,0.0101708649841413,0.1,0.0111111111111111,0.0977868896140762,0.0108389643728873,0.00756138217127011,0.00756138217127011,0.4,0.915377848572714,0.977868896140762
"AFR-EUR",1.05927271642397,196,0.018512433324029,0.0365102960004868,"model1_allthree","EUR",0.1,1,1000,0.4,0.0923149823672788,0.0101708649841413,0.1,0.0111111111111111,0.0977868896140762,0.0108389643728873,0.00756138217127011,0.00756138217127011,0.4,0.915377848572714,1.08371264915567
"AFR-ASN",1.05728081052547,196,0.0175397687903937,0.0345920030667263,"model1_allthree","EUR",0.1,1,1000,0.4,0.0923149823672788,0.0101708649841413,0.1,0.0111111111111111,0.0977868896140762,0.0108389643728873,0.00756138217127011,0.00756138217127011,0.4,0.915377848572714,1.05960977476213
"ASN-EUR",1.0084380389229,195,0.0173329403222249,0.0341851954417079,"model1_allthree","EUR",0.1,1,1000,0.4,0.0923149823672788,0.0101708649841413,0.1,0.0111111111111111,0.0977868896140762,0.0108389643728873,0.00756138217127011,0.00756138217127011,0.4,0.915377848572714,1.02295226763967
"ASN-AFR",0.983849053820114,199,0.0165864609241557,0.032708790837884,"model1_allthree","EUR",0.1,1,1000,0.4,0.0923149823672788,0.0101708649841413,0.1,0.0111111111111111,0.0977868896140762,0.0108389643728873,0.00756138217127011,0.00756138217127011,0.4,0.915377848572714,0.944232613674416
"EUR-AFR",0.992703577613792,197,0.0170439698182958,0.0336131154594249,"model1_allthree","EUR",0.1,10,1000,0.4,0.0991769164073501,0.0110112671652643,0.1,0.0111111111111111,0.0964169213483267,0.0106717284356291,0.00704347385582314,0.0704347385582314,0.4,0.991014044873786,0.991769164073501
"EUR-ASN",0.93633699829116,196,0.0156830720997139,0.0309302183313909,"model1_allthree","EUR",0.1,10,1000,0.4,0.0991769164073501,0.0110112671652643,0.1,0.0111111111111111,0.0964169213483267,0.0106717284356291,0.00704347385582314,0.0704347385582314,0.4,0.991014044873786,0.964169213483267
"AFR-EUR",1.05366674637731,198,0.0192617006175556,0.0379855959427998,"model1_allthree","EUR",0.1,10,1000,0.4,0.0991769164073501,0.0110112671652643,0.1,0.0111111111111111,0.0964169213483267,0.0106717284356291,0.00704347385582314,0.0704347385582314,0.4,0.991014044873786,1.00954609045548
"AFR-ASN",0.977929603264984,198,0.018759091053624,0.0369944101595937,"model1_allthree","EUR",0.1,10,1000,0.4,0.0991769164073501,0.0110112671652643,0.1,0.0111111111111111,0.0964169213483267,0.0106717284356291,0.00704347385582314,0.0704347385582314,0.4,0.991014044873786,0.972961768046157
"ASN-EUR",1.09885205628573,196,0.018579555354894,0.0366426743416882,"model1_allthree","EUR",0.1,10,1000,0.4,0.0991769164073501,0.0110112671652643,0.1,0.0111111111111111,0.0964169213483267,0.0106717284356291,0.00704347385582314,0.0704347385582314,0.4,0.991014044873786,1.03816886700664
"ASN-AFR",1.06800348072463,194,0.0199541305845234,0.0393561638148202,"model1_allthree","EUR",0.1,10,1000,0.4,0.0991769164073501,0.0110112671652643,0.1,0.0111111111111111,0.0964169213483267,0.0106717284356291,0.00704347385582314,0.0704347385582314,0.4,0.991014044873786,1.02918764000435
"EUR-AFR",0.927035974826138,194,0.0150446886049863,0.0296731158880979,"model1_allthree","EUR",0.1,2,1000,0.4,0.0924770523354348,0.0101905559633744,0.1,0.0111111111111111,0.0976029072031071,0.0108163787615132,0.00753237548102356,0.0150647509620471,0.4,0.917150036703694,0.924770523354348
"EUR-ASN",0.991150592218274,195,0.0152415959622516,0.0300605048610838,"model1_allthree","EUR",0.1,2,1000,0.4,0.0924770523354348,0.0101905559633744,0.1,0.0111111111111111,0.0976029072031071,0.0108163787615132,0.00753237548102356,0.0150647509620471,0.4,0.917150036703694,0.976029072031071
"AFR-EUR",1.10660007518734,197,0.0185631120240606,0.0366090784249802,"model1_allthree","EUR",0.1,2,1000,0.4,0.0924770523354348,0.0101905559633744,0.1,0.0111111111111111,0.0976029072031071,0.0108163787615132,0.00753237548102356,0.0150647509620471,0.4,0.917150036703694,1.08182848008934
"AFR-ASN",1.07686184172336,195,0.0174502252992678,0.0344165127939892,"model1_allthree","EUR",0.1,2,1000,0.4,0.0924770523354348,0.0101905559633744,0.1,0.0111111111111111,0.0976029072031071,0.0108163787615132,0.00753237548102356,0.0150647509620471,0.4,0.917150036703694,1.05575732555154
"ASN-EUR",1.03029350650026,196,0.0160802584969854,0.0317135509531984,"model1_allthree","EUR",0.1,2,1000,0.4,0.0924770523354348,0.0101905559633744,0.1,0.0111111111111111,0.0976029072031071,0.0108163787615132,0.00753237548102356,0.0150647509620471,0.4,0.917150036703694,1.02489106299763
"ASN-AFR",0.947328549610587,195,0.0157827161173868,0.0311277385742827,"model1_allthree","EUR",0.1,2,1000,0.4,0.0924770523354348,0.0101905559633744,0.1,0.0111111111111111,0.0976029072031071,0.0108163787615132,0.00753237548102356,0.0150647509620471,0.4,0.917150036703694,0.947665835812071
"EUR-AFR",0.953744113808227,191,0.0142153638160586,0.0280402057445773,"model1_allthree","EUR",0.1,5,1000,0.4,0.0938959951236572,0.0103631222830449,0.1,0.0111111111111111,0.0973265558722225,0.0107824877036043,0.00741765422452354,0.0370882711226177,0.4,0.932681005474041,0.938959951236572
"EUR-ASN",0.988930508414659,195,0.0173024986883192,0.0341251563955169,"model1_allthree","EUR",0.1,5,1000,0.4,0.0938959951236572,0.0103631222830449,0.1,0.0111111111111111,0.0973265558722225,0.0107824877036043,0.00741765422452354,0.0370882711226177,0.4,0.932681005474041,0.973265558722224
"AFR-EUR",1.06431660424159,198,0.0170641336386685,0.0336518201784126,"model1_allthree","EUR",0.1,5,1000,0.4,0.0938959951236572,0.0103631222830449,0.1,0.0111111111111111,0.0973265558722225,0.0107824877036043,0.00741765422452354,0.0370882711226177,0.4,0.932681005474041,1.06547409069556
"AFR-ASN",1.0196835779606,194,0.0155176474664746,0.0306059476319595,"model1_allthree","EUR",0.1,5,1000,0.4,0.0938959951236572,0.0103631222830449,0.1,0.0111111111111111,0.0973265558722225,0.0107824877036043,0.00741765422452354,0.0370882711226177,0.4,0.932681005474041,1.03683366147538
"ASN-EUR",1.03081028494156,192,0.017832744432566,0.0351744105664692,"model1_allthree","EUR",0.1,5,1000,0.4,0.0938959951236572,0.0103631222830449,0.1,0.0111111111111111,0.0973265558722225,0.0107824877036043,0.00741765422452354,0.0370882711226177,0.4,0.932681005474041,1.02783203734224
"ASN-AFR",1.00934036959524,199,0.0164445292812109,0.0324288991573389,"model1_allthree","EUR",0.1,5,1000,0.4,0.0938959951236572,0.0103631222830449,0.1,0.0111111111111111,0.0973265558722225,0.0107824877036043,0.00741765422452354,0.0370882711226177,0.4,0.932681005474041,0.964949066122046
"EUR-AFR",0.971829742794035,194,0.0159515823235318,0.0314618110957653,"model1_allthree","EUR",0.1,1,1000,0.5,0.0921645111084304,0.0101527124600049,0.1,0.0111111111111111,0.0975969542524868,0.0108157487047065,0.00826718284883092,0.00826718284883092,0.5,0.913744121400445,0.921645111084304
"EUR-ASN",1.0207974497115,195,0.0173829473898307,0.0342838227575464,"model1_allthree","EUR",0.1,1,1000,0.5,0.0921645111084304,0.0101527124600049,0.1,0.0111111111111111,0.0975969542524868,0.0108157487047065,0.00826718284883092,0.00826718284883092,0.5,0.913744121400445,0.975969542524867
"AFR-EUR",1.04908037576306,194,0.0173723982798893,0.0342641314119653,"model1_allthree","EUR",0.1,1,1000,0.5,0.0921645111084304,0.0101527124600049,0.1,0.0111111111111111,0.0975969542524868,0.0108157487047065,0.00826718284883092,0.00826718284883092,0.5,0.913744121400445,1.08558426472301
"AFR-ASN",1.07351603848574,198,0.018936518764488,0.0373443116281999,"model1_allthree","EUR",0.1,1,1000,0.5,0.0921645111084304,0.0101527124600049,0.1,0.0111111111111111,0.0975969542524868,0.0108157487047065,0.00826718284883092,0.00826718284883092,0.5,0.913744121400445,1.05937320640883
"ASN-EUR",1.01244755017082,198,0.0164782535366729,0.0324964183129591,"model1_allthree","EUR",0.1,1,1000,0.5,0.0921645111084304,0.0101527124600049,0.1,0.0111111111111111,0.0975969542524868,0.0108157487047065,0.00826718284883092,0.00826718284883092,0.5,0.913744121400445,1.02503337253007
"ASN-AFR",0.972780663103799,197,0.0166335901360029,0.0328037887714425,"model1_allthree","EUR",0.1,1,1000,0.5,0.0921645111084304,0.0101527124600049,0.1,0.0111111111111111,0.0975969542524868,0.0108157487047065,0.00826718284883092,0.00826718284883092,0.5,0.913744121400445,0.944605640861292
"EUR-AFR",1.01112717867771,194,0.0182709375944178,0.0360363489639575,"model1_allthree","EUR",0.1,10,1000,0.5,0.101381788038429,0.0112843350874547,0.1,0.0111111111111111,0.0959669298443866,0.0106168351371638,0.00747234595765952,0.0747234595765952,0.5,1.01559015787093,1.01381788038429
"EUR-ASN",0.971594578834491,197,0.0180378666930974,0.0355732204563021,"model1_allthree","EUR",0.1,10,1000,0.5,0.101381788038429,0.0112843350874547,0.1,0.0111111111111111,0.0959669298443866,0.0106168351371638,0.00747234595765952,0.0747234595765952,0.5,1.01559015787093,0.959669298443866
"AFR-EUR",1.0156421793115,195,0.0180479977468019,0.0355954799841329,"model1_allthree","EUR",0.1,10,1000,0.5,0.101381788038429,0.0112843350874547,0.1,0.0111111111111111,0.0959669298443866,0.0106168351371638,0.00747234595765952,0.0747234595765952,0.5,1.01559015787093,0.988029609117162
"AFR-ASN",0.950716378285281,192,0.0164124672485055,0.0323729678059764,"model1_allthree","EUR",0.1,10,1000,0.5,0.101381788038429,0.0112843350874547,0.1,0.0111111111111111,0.0959669298443866,0.0106168351371638,0.00747234595765952,0.0747234595765952,0.5,1.01559015787093,0.947709947169376
"ASN-EUR",1.0766720577464,197,0.0196243178277645,0.0387019261351317,"model1_allthree","EUR",0.1,10,1000,0.5,0.101381788038429,0.0112843350874547,0.1,0.0111111111111111,0.0959669298443866,0.0106168351371638,0.00747234595765952,0.0747234595765952,0.5,1.01559015787093,1.04320369519514
"ASN-AFR",1.0771411655308,197,0.019035097312964,0.0375399000692445,"model1_allthree","EUR",0.1,10,1000,0.5,0.101381788038429,0.0112843350874547,0.1,0.0111111111111111,0.0959669298443866,0.0106168351371638,0.00747234595765952,0.0747234595765952,0.5,1.01559015787093,1.05709054502901
"EUR-AFR",0.95987521831226,198,0.0183794152494504,0.0362456594665499,"model1_allthree","EUR",0.1,2,1000,0.5,0.092597758032494,0.0102052972262143,0.1,0.0111111111111111,0.0975131884330252,0.0108053943812629,0.00824518910200761,0.0164903782040152,0.5,0.918476750359283,0.925977580324939
"EUR-ASN",0.993403174673485,196,0.0185825157654722,0.036648512875424,"model1_allthree","EUR",0.1,2,1000,0.5,0.092597758032494,0.0102052972262143,0.1,0.0111111111111111,0.0975131884330252,0.0108053943812629,0.00824518910200761,0.0164903782040152,0.5,0.918476750359283,0.975131884330252
"AFR-EUR",1.10448768401114,198,0.0211476306869333,0.0417047990917921,"model1_allthree","EUR",0.1,2,1000,0.5,0.092597758032494,0.0102052972262143,0.1,0.0111111111111111,0.0975131884330252,0.0108053943812629,0.00824518910200761,0.0164903782040152,0.5,0.918476750359283,1.08049534843951
"AFR-ASN",1.07165650874686,197,0.0199729555557753,0.0393894889699684,"model1_allthree","EUR",0.1,2,1000,0.5,0.092597758032494,0.0102052972262143,0.1,0.0111111111111111,0.0975131884330252,0.0108053943812629,0.00824518910200761,0.0164903782040152,0.5,0.918476750359283,1.05351819448453
"ASN-EUR",1.04167918070626,194,0.0184980908328712,0.0364843704914189,"model1_allthree","EUR",0.1,2,1000,0.5,0.092597758032494,0.0102052972262143,0.1,0.0111111111111111,0.0975131884330252,0.0108053943812629,0.00824518910200761,0.0164903782040152,0.5,0.918476750359283,1.02586164266399
"ASN-AFR",0.963659264838458,193,0.017465141305641,0.0344481834315771,"model1_allthree","EUR",0.1,2,1000,0.5,0.092597758032494,0.0102052972262143,0.1,0.0111111111111111,0.0975131884330252,0.0108053943812629,0.00824518910200761,0.0164903782040152,0.5,0.918476750359283,0.949826583924063
"EUR-AFR",0.965988148261262,191,0.0143053730633836,0.0282177515215667,"model1_allthree","EUR",0.1,5,1000,0.5,0.0948205086112272,0.0104759298769843,0.1,0.0111111111111111,0.0970283832391307,0.0107460187547123,0.00805429215065539,0.040271460753277,0.5,0.94283368892859,0.948205086112271
"EUR-ASN",1.03881241648925,197,0.018803380372227,0.0370829215386599,"model1_allthree","EUR",0.1,5,1000,0.5,0.0948205086112272,0.0104759298769843,0.1,0.0111111111111111,0.0970283832391307,0.0107460187547123,0.00805429215065539,0.040271460753277,0.5,0.94283368892859,0.970283832391307
"AFR-EUR",1.03379914346876,193,0.0155627141023746,0.0306958426908712,"model1_allthree","EUR",0.1,5,1000,0.5,0.0948205086112272,0.0104759298769843,0.1,0.0111111111111111,0.0970283832391307,0.0107460187547123,0.00805429215065539,0.040271460753277,0.5,0.94283368892859,1.05514700690815
"AFR-ASN",1.07815957910414,198,0.0197828443719312,0.0390133326143884,"model1_allthree","EUR",0.1,5,1000,0.5,0.0948205086112272,0.0104759298769843,0.1,0.0111111111111111,0.0970283832391307,0.0107460187547123,0.00805429215065539,0.040271460753277,0.5,0.94283368892859,1.02359963283287
"ASN-EUR",1.00981448578093,198,0.0182501340344087,0.0359907066929049,"model1_allthree","EUR",0.1,5,1000,0.5,0.0948205086112272,0.0104759298769843,0.1,0.0111111111111111,0.0970283832391307,0.0107460187547123,0.00805429215065539,0.040271460753277,0.5,0.94283368892859,1.03108423817202
"ASN-AFR",0.982333980097743,199,0.0183094688595518,0.0361065926009359,"model1_allthree","EUR",0.1,5,1000,0.5,0.0948205086112272,0.0104759298769843,0.1,0.0111111111111111,0.0970283832391307,0.0107460187547123,0.00805429215065539,0.040271460753277,0.5,0.94283368892859,0.977495753302081
"EUR-AFR",0.956246193268737,197,0.0174552865534999,0.0344242901480802,"model1_allthree","EUR",0.1,1,1000,0.6,0.0919221180400389,0.0101234190477896,0.1,0.0111111111111111,0.0974018573606539,0.0107920401443532,0.00923084352811224,0.00923084352811224,0.6,0.911107714301062,0.919221180400388
"EUR-ASN",1.00658820376672,194,0.0186445729342419,0.0367732817798894,"model1_allthree","EUR",0.1,1,1000,0.6,0.0919221180400389,0.0101234190477896,0.1,0.0111111111111111,0.0974018573606539,0.0107920401443532,0.00923084352811224,0.00923084352811224,0.6,0.911107714301062,0.974018573606539
"AFR-EUR",1.08472033286826,195,0.0193108179317899,0.038086099234474,"model1_allthree","EUR",0.1,1,1000,0.6,0.0919221180400389,0.0101234190477896,0.1,0.0111111111111111,0.0974018573606539,0.0107920401443532,0.00923084352811224,0.00923084352811224,0.6,0.911107714301062,1.08856289562079
"AFR-ASN",1.09209408648758,197,0.0212115728734202,0.0418322172399604,"model1_allthree","EUR",0.1,1,1000,0.6,0.0919221180400389,0.0101234190477896,0.1,0.0111111111111111,0.0974018573606539,0.0107920401443532,0.00923084352811224,0.00923084352811224,0.6,0.911107714301062,1.0600491145971
"ASN-EUR",1.02705722061259,196,0.019075118360136,0.0376200257082852,"model1_allthree","EUR",0.1,1,1000,0.6,0.0919221180400389,0.0101234190477896,0.1,0.0111111111111111,0.0974018573606539,0.0107920401443532,0.00923084352811224,0.00923084352811224,0.6,0.911107714301062,1.02728326381004
"ASN-AFR",0.958222617191789,194,0.0188835206788871,0.0372445659855132,"model1_allthree","EUR",0.1,1,1000,0.6,0.0919221180400389,0.0101234190477896,0.1,0.0111111111111111,0.0974018573606539,0.0107920401443532,0.00923084352811224,0.00923084352811224,0.6,0.911107714301062,0.94409461845846
"EUR-AFR",1.07067971096796,194,0.0181441394331916,0.0357862609341385,"model1_allthree","EUR",0.1,10,1000,0.6,0.105891273438904,0.0118470223168238,0.1,0.0111111111111111,0.095476083628546,0.0105575365884501,0.0080094499117614,0.080094499117614,0.6,1.06623200851414,1.05891273438904
"EUR-ASN",0.98060759628394,196,0.0182547073284474,0.0360020077478837,"model1_allthree","EUR",0.1,10,1000,0.6,0.105891273438904,0.0118470223168238,0.1,0.0111111111111111,0.095476083628546,0.0105575365884501,0.0080094499117614,0.080094499117614,0.6,1.06623200851414,0.95476083628546
"AFR-EUR",0.956727337179803,196,0.0165186676844034,0.0325781833287374,"model1_allthree","EUR",0.1,10,1000,0.6,0.105891273438904,0.0118470223168238,0.1,0.0111111111111111,0.095476083628546,0.0105575365884501,0.0080094499117614,0.080094499117614,0.6,1.06623200851414,0.946620418087223
"AFR-ASN",0.923544859321156,197,0.0158223488827702,0.0312039064552294,"model1_allthree","EUR",0.1,10,1000,0.6,0.105891273438904,0.0118470223168238,0.1,0.0111111111111111,0.095476083628546,0.0105575365884501,0.0080094499117614,0.080094499117614,0.6,1.06623200851414,0.90290842440956
"ASN-EUR",1.05237707712396,194,0.0189018664804539,0.0372807499910612,"model1_allthree","EUR",0.1,10,1000,0.6,0.105891273438904,0.0118470223168238,0.1,0.0111111111111111,0.095476083628546,0.0105575365884501,0.0080094499117614,0.080094499117614,0.6,1.06623200851414,1.04920980024544
"ASN-AFR",1.11625650867816,195,0.0183041254516014,0.0361006323405036,"model1_allthree","EUR",0.1,10,1000,0.6,0.105891273438904,0.0118470223168238,0.1,0.0111111111111111,0.095476083628546,0.0105575365884501,0.0080094499117614,0.080094499117614,0.6,1.06623200851414,1.10991888594968
"EUR-AFR",0.937613877343241,197,0.0163594209525158,0.0322630884229781,"model1_allthree","EUR",0.1,2,1000,0.6,0.0927751065576289,0.010226955315594,0.1,0.0111111111111111,0.0978743640878212,0.0108501694282817,0.00919491036456728,0.0183898207291346,0.6,0.920425978403461,0.927751065576289
"EUR-ASN",0.993218310563093,197,0.0173318480384848,0.0341808519642782,"model1_allthree","EUR",0.1,2,1000,0.6,0.0927751065576289,0.010226955315594,0.1,0.0111111111111111,0.0978743640878212,0.0108501694282817,0.00919491036456728,0.0183898207291346,0.6,0.920425978403461,0.978743640878212
"AFR-EUR",1.11111689814125,197,0.0196216014166276,0.0386965689887535,"model1_allthree","EUR",0.1,2,1000,0.6,0.0927751065576289,0.010226955315594,0.1,0.0111111111111111,0.0978743640878212,0.0108501694282817,0.00919491036456728,0.0183898207291346,0.6,0.920425978403461,1.0785339784641
"AFR-ASN",1.07417728950924,196,0.0186747227376391,0.0368303638394866,"model1_allthree","EUR",0.1,2,1000,0.6,0.0927751065576289,0.010226955315594,0.1,0.0111111111111111,0.0978743640878212,0.0108501694282817,0.00919491036456728,0.0183898207291346,0.6,0.920425978403461,1.05536393188184
"ASN-EUR",1.04620736502196,196,0.0183791117678475,0.0362473586872643,"model1_allthree","EUR",0.1,2,1000,0.6,0.0927751065576289,0.010226955315594,0.1,0.0111111111111111,0.0978743640878212,0.0108501694282817,0.00919491036456728,0.0183898207291346,0.6,0.920425978403461,1.02239137290105
"ASN-AFR",0.950145450777657,192,0.0166376870704169,0.0328172053440386,"model1_allthree","EUR",0.1,2,1000,0.6,0.0927751065576289,0.010226955315594,0.1,0.0111111111111111,0.0978743640878212,0.0108501694282817,0.00919491036456728,0.0183898207291346,0.6,0.920425978403461,0.948305486220012
"EUR-AFR",0.965189084361372,196,0.0155090048443468,0.0305869221851626,"model1_allthree","EUR",0.1,5,1000,0.6,0.0961084951913964,0.0106334727411031,0.1,0.0111111111111111,0.096891670277449,0.0107295348526477,0.00888524887428552,0.0444262443714276,0.6,0.957012546699282,0.961084951913963
"EUR-ASN",0.953833473659101,197,0.0160403014731326,0.0316337397430511,"model1_allthree","EUR",0.1,5,1000,0.6,0.0961084951913964,0.0106334727411031,0.1,0.0111111111111111,0.096891670277449,0.0107295348526477,0.00888524887428552,0.0444262443714276,0.6,0.957012546699282,0.968916702774489
"AFR-EUR",1.06313042030095,196,0.0169339349235297,0.0333971750601014,"model1_allthree","EUR",0.1,5,1000,0.6,0.0961084951913964,0.0106334727411031,0.1,0.0111111111111111,0.096891670277449,0.0107295348526477,0.00888524887428552,0.0444262443714276,0.6,0.957012546699282,1.04109308010691
"AFR-ASN",1.00868710434917,199,0.017437610562788,0.034387272801521,"model1_allthree","EUR",0.1,5,1000,0.6,0.0961084951913964,0.0106334727411031,0.1,0.0111111111111111,0.096891670277449,0.0107295348526477,0.00888524887428552,0.0444262443714276,0.6,0.957012546699282,1.00852134978909
"ASN-EUR",1.08808707238335,197,0.0183385844846075,0.0361662784090263,"model1_allthree","EUR",0.1,5,1000,0.6,0.0961084951913964,0.0106334727411031,0.1,0.0111111111111111,0.096891670277449,0.0107295348526477,0.00888524887428552,0.0444262443714276,0.6,0.957012546699282,1.03276537728081
"ASN-AFR",1.04066632009077,198,0.017905977751583,0.0353120033032012,"model1_allthree","EUR",0.1,5,1000,0.6,0.0961084951913964,0.0106334727411031,0.1,0.0111111111111111,0.096891670277449,0.0107295348526477,0.00888524887428552,0.0444262443714276,0.6,0.957012546699282,0.99236898212665
"EUR-AFR",0.964195029694237,197,0.0177910287158801,0.0350864211063603,"model1_allthree","EUR",0.1,1,1000,0.7,0.0920359249674666,0.0101375846287392,0.1,0.0111111111111111,0.0977308153848678,0.010832669068618,0.010653388706592,0.010653388706592,0.7,0.912382616586531,0.920359249674666
"EUR-ASN",1.00211217925398,195,0.0168987009851649,0.0333287592958544,"model1_allthree","EUR",0.1,1,1000,0.7,0.0920359249674666,0.0101375846287392,0.1,0.0111111111111111,0.0977308153848678,0.010832669068618,0.010653388706592,0.010653388706592,0.7,0.912382616586531,0.977308153848678
"AFR-EUR",1.0798513911237,196,0.0194847981239313,0.038427997798165,"model1_allthree","EUR",0.1,1,1000,0.7,0.0920359249674666,0.0101375846287392,0.1,0.0111111111111111,0.0977308153848678,0.010832669068618,0.010653388706592,0.010653388706592,0.7,0.912382616586531,1.08756496791454
"AFR-ASN",1.05944957360881,194,0.0180732625061765,0.0356464681259036,"model1_allthree","EUR",0.1,1,1000,0.7,0.0920359249674666,0.0101375846287392,0.1,0.0111111111111111,0.0977308153848678,0.010832669068618,0.010653388706592,0.010653388706592,0.7,0.912382616586531,1.06253876628486
"ASN-EUR",1.02326661357943,195,0.0172244544336028,0.0339712322458351,"model1_allthree","EUR",0.1,1,1000,0.7,0.0920359249674666,0.0101375846287392,0.1,0.0111111111111111,0.0977308153848678,0.010832669068618,0.010653388706592,0.010653388706592,0.7,0.912382616586531,1.02400638798659
"ASN-AFR",0.959034223671889,193,0.016694574293376,0.032928319760262,"model1_allthree","EUR",0.1,1,1000,0.7,0.0920359249674666,0.0101375846287392,0.1,0.0111111111111111,0.0977308153848678,0.010832669068618,0.010653388706592,0.010653388706592,0.7,0.912382616586531,0.942146562398082
"EUR-AFR",1.06616784060626,192,0.0172961155773843,0.0341159305470111,"model1_allthree","EUR",0.1,10,1000,0.7,0.109533546045108,0.0123057769254808,0.1,0.0111111111111111,0.0938897204130303,0.0103647949127625,0.00862557662073787,0.0862557662073787,0.7,1.10751992329328,1.09533546045108
"EUR-ASN",0.947914834763299,197,0.0182646095832036,0.0360203894565993,"model1_allthree","EUR",0.1,10,1000,0.7,0.109533546045108,0.0123057769254808,0.1,0.0111111111111111,0.0938897204130303,0.0103647949127625,0.00862557662073787,0.0862557662073787,0.7,1.10751992329328,0.938897204130303
"AFR-EUR",0.958552099926326,198,0.0159377523485766,0.031430507252182,"model1_allthree","EUR",0.1,10,1000,0.7,0.109533546045108,0.0123057769254808,0.1,0.0111111111111111,0.0938897204130303,0.0103647949127625,0.00862557662073787,0.0862557662073787,0.7,1.10751992329328,0.915712716121018
"AFR-ASN",0.874929675094243,195,0.0142950704891371,0.0281937034016981,"model1_allthree","EUR",0.1,10,1000,0.7,0.109533546045108,0.0123057769254808,0.1,0.0111111111111111,0.0938897204130303,0.0103647949127625,0.00862557662073787,0.0862557662073787,0.7,1.10751992329328,0.858632568239775
"ASN-EUR",1.10914686424844,196,0.0219710232754421,0.0433313411143401,"model1_allthree","EUR",0.1,10,1000,0.7,0.109533546045108,0.0123057769254808,0.1,0.0111111111111111,0.0938897204130303,0.0103647949127625,0.00862557662073787,0.0862557662073787,0.7,1.10751992329328,1.06771894783799
"ASN-AFR",1.16999335404693,195,0.0191972762938479,0.037862164748365,"model1_allthree","EUR",0.1,10,1000,0.7,0.109533546045108,0.0123057769254808,0.1,0.0111111111111111,0.0938897204130303,0.0103647949127625,0.00862557662073787,0.0862557662073787,0.7,1.10751992329328,1.16799937136284
"EUR-AFR",0.936004068020596,197,0.0166925405304536,0.032920047274372,"model1_allthree","EUR",0.1,2,1000,0.7,0.0932630215688595,0.0102866090347217,0.1,0.0111111111111111,0.0976900507398929,0.0108276832636514,0.0105918455311388,0.0211836910622776,0.7,0.925794813124951,0.932630215688595
"EUR-ASN",1.00792540502746,195,0.0178026550448013,0.035111598538621,"model1_allthree","EUR",0.1,2,1000,0.7,0.0932630215688595,0.0102866090347217,0.1,0.0111111111111111,0.0976900507398929,0.0108276832636514,0.0105918455311388,0.0211836910622776,0.7,0.925794813124951,0.976900507398929
"AFR-EUR",1.10776264940553,195,0.0197207631115662,0.0388946208026855,"model1_allthree","EUR",0.1,2,1000,0.7,0.0932630215688595,0.0102866090347217,0.1,0.0111111111111111,0.0976900507398929,0.0108276832636514,0.0105918455311388,0.0211836910622776,0.7,0.925794813124951,1.07319146764392
"AFR-ASN",1.11827863372111,199,0.0205936713622795,0.0406110798592324,"model1_allthree","EUR",0.1,2,1000,0.7,0.0932630215688595,0.0102866090347217,0.1,0.0111111111111111,0.0976900507398929,0.0108276832636514,0.0105918455311388,0.0211836910622776,0.7,0.925794813124951,1.04800149262772
"ASN-EUR",1.02209928406242,195,0.0185616705189429,0.0366085801149981,"model1_allthree","EUR",0.1,2,1000,0.7,0.0932630215688595,0.0102866090347217,0.1,0.0111111111111111,0.0976900507398929,0.0108276832636514,0.0105918455311388,0.0211836910622776,0.7,0.925794813124951,1.0244460732952
"ASN-AFR",0.936884628812475,196,0.0167095439768539,0.0329546303259995,"model1_allthree","EUR",0.1,2,1000,0.7,0.0932630215688595,0.0102866090347217,0.1,0.0111111111111111,0.0976900507398929,0.0108276832636514,0.0105918455311388,0.0211836910622776,0.7,0.925794813124951,0.955064519825392
"EUR-AFR",0.984072984193838,195,0.0153696232582326,0.0303130089402313,"model1_allthree","EUR",0.1,5,1000,0.7,0.098208699751627,0.0108921533325425,0.1,0.0111111111111111,0.0968710530871292,0.0107272476841989,0.010060019716364,0.0503000985818199,0.7,0.980293799928826,0.982086997516269
"EUR-ASN",1.0007609989247,199,0.0196314388065426,0.0387135404415762,"model1_allthree","EUR",0.1,5,1000,0.7,0.098208699751627,0.0108921533325425,0.1,0.0111111111111111,0.0968710530871292,0.0107272476841989,0.010060019716364,0.0503000985818199,0.7,0.980293799928826,0.968710530871292
"AFR-EUR",1.03318144765777,194,0.0166006938434141,0.032742074307553,"model1_allthree","EUR",0.1,5,1000,0.7,0.098208699751627,0.0108921533325425,0.1,0.0111111111111111,0.0968710530871292,0.0107272476841989,0.010060019716364,0.0503000985818199,0.7,0.980293799928826,1.01958825308756
"AFR-ASN",1.0143657138584,198,0.0175869731874923,0.0346829010906782,"model1_allthree","EUR",0.1,5,1000,0.7,0.098208699751627,0.0108921533325425,0.1,0.0111111111111111,0.0968710530871292,0.0107272476841989,0.010060019716364,0.0503000985818199,0.7,0.980293799928826,0.987298714488913
"ASN-EUR",1.0609710541097,197,0.0201074127358419,0.039654657517326,"model1_allthree","EUR",0.1,5,1000,0.7,0.098208699751627,0.0108921533325425,0.1,0.0111111111111111,0.0968710530871292,0.0107272476841989,0.010060019716364,0.0503000985818199,0.7,0.980293799928826,1.03319149250217
"ASN-AFR",1.04098284163789,200,0.0184267148306356,0.0363366808993328,"model1_allthree","EUR",0.1,5,1000,0.7,0.098208699751627,0.0108921533325425,0.1,0.0111111111111111,0.0968710530871292,0.0107272476841989,0.010060019716364,0.0503000985818199,0.7,0.980293799928826,1.01427944383168
"EUR-AFR",0.933291646689022,197,0.0178155522988281,0.0351347850751949,"model1_allthree","EUR",0.1,1,1000,0.8,0.0924540674620767,0.0101888291471512,0.1,0.0111111111111111,0.0975626383465949,0.0108124379011745,0.0130399286517456,0.0130399286517456,0.8,0.916994623243608,0.924540674620767
"EUR-ASN",0.994762532520133,198,0.0179546245168031,0.0354079385689528,"model1_allthree","EUR",0.1,1,1000,0.8,0.0924540674620767,0.0101888291471512,0.1,0.0111111111111111,0.0975626383465949,0.0108124379011745,0.0130399286517456,0.0130399286517456,0.8,0.916994623243608,0.975626383465949
"AFR-EUR",1.10673921417489,192,0.0207829827335958,0.040993643476006,"model1_allthree","EUR",0.1,1,1000,0.8,0.0924540674620767,0.0101888291471512,0.1,0.0111111111111111,0.0975626383465949,0.0108124379011745,0.0130399286517456,0.0130399286517456,0.8,0.916994623243608,1.08310742912919
"AFR-ASN",1.08885775577239,197,0.0194130123626697,0.0382852019170558,"model1_allthree","EUR",0.1,1,1000,0.8,0.0924540674620767,0.0101888291471512,0.1,0.0111111111111111,0.0975626383465949,0.0108124379011745,0.0130399286517456,0.0130399286517456,0.8,0.916994623243608,1.05622615829377
"ASN-EUR",1.0602658097487,199,0.0190790046346963,0.0376241305993411,"model1_allthree","EUR",0.1,1,1000,0.8,0.0924540674620767,0.0101888291471512,0.1,0.0111111111111111,0.0975626383465949,0.0108124379011745,0.0130399286517456,0.0130399286517456,0.8,0.916994623243608,1.02610555226186
"ASN-AFR",0.957801541078925,197,0.0168011261015986,0.0331341933553048,"model1_allthree","EUR",0.1,1,1000,0.8,0.0924540674620767,0.0101888291471512,0.1,0.0111111111111111,0.0975626383465949,0.0108124379011745,0.0130399286517456,0.0130399286517456,0.8,0.916994623243608,0.948247519844956
"EUR-AFR",1.16886003973979,195,0.0174717121923008,0.0344588906954943,"model1_allthree","EUR",0.1,10,1000,0.8,0.115860326133241,0.0131138093343425,0.1,0.0111111111111111,0.092866338352735,0.0102425016395222,0.00946280101374184,0.0946280101374184,0.8,1.18024284009083,1.15860326133241
"EUR-ASN",0.945095786805982,195,0.0171845121181532,0.0338924553138977,"model1_allthree","EUR",0.1,10,1000,0.8,0.115860326133241,0.0131138093343425,0.1,0.0111111111111111,0.092866338352735,0.0102425016395222,0.00946280101374184,0.0946280101374184,0.8,1.18024284009083,0.928663383527349
"AFR-EUR",0.87381178930073,197,0.0128745201480399,0.025390371893068,"model1_allthree","EUR",0.1,10,1000,0.8,0.115860326133241,0.0131138093343425,0.1,0.0111111111111111,0.092866338352735,0.0102425016395222,0.00946280101374184,0.0946280101374184,0.8,1.18024284009083,0.867390056621643
"AFR-ASN",0.807310894262106,193,0.0135007424188767,0.0266288169771477,"model1_allthree","EUR",0.1,10,1000,0.8,0.115860326133241,0.0131138093343425,0.1,0.0111111111111111,0.092866338352735,0.0102425016395222,0.00946280101374184,0.0946280101374184,0.8,1.18024284009083,0.803612654859921
"ASN-EUR",1.08907835415087,195,0.0194986418589858,0.0384565382679246,"model1_allthree","EUR",0.1,10,1000,0.8,0.115860326133241,0.0131138093343425,0.1,0.0111111111111111,0.092866338352735,0.0102425016395222,0.00946280101374184,0.0946280101374184,0.8,1.18024284009083,1.08160480190253
"ASN-AFR",1.25146404092889,193,0.0206597646557149,0.0407492473183377,"model1_allthree","EUR",0.1,10,1000,0.8,0.115860326133241,0.0131138093343425,0.1,0.0111111111111111,0.092866338352735,0.0102425016395222,0.00946280101374184,0.0946280101374184,0.8,1.18024284009083,1.25019580149351
"EUR-AFR",0.919695374878081,192,0.0154242544511215,0.0304237556253348,"model1_allthree","EUR",0.1,2,1000,0.8,0.0934301917600163,0.0103073388805294,0.1,0.0111111111111111,0.097218702765791,0.0107700904366281,0.0128487441067115,0.025697488213423,0.8,0.927660499247644,0.934301917600163
"EUR-ASN",0.976489396136135,194,0.0174231936678501,0.0343643167646247,"model1_allthree","EUR",0.1,2,1000,0.8,0.0934301917600163,0.0103073388805294,0.1,0.0111111111111111,0.097218702765791,0.0107700904366281,0.0128487441067115,0.025697488213423,0.8,0.927660499247644,0.97218702765791
"AFR-EUR",1.10583839242755,195,0.0188997205356752,0.037275305187388,"model1_allthree","EUR",0.1,2,1000,0.8,0.0934301917600163,0.0103073388805294,0.1,0.0111111111111111,0.097218702765791,0.0107700904366281,0.0128487441067115,0.025697488213423,0.8,0.927660499247644,1.07162180811502
"AFR-ASN",1.04828251670544,191,0.0176179174617724,0.0347518387015191,"model1_allthree","EUR",0.1,2,1000,0.8,0.0934301917600163,0.0103073388805294,0.1,0.0111111111111111,0.097218702765791,0.0107700904366281,0.0128487441067115,0.025697488213423,0.8,0.927660499247644,1.04137843498916
"ASN-EUR",1.03272613282784,190,0.0178175414692289,0.0351467946238552,"model1_allthree","EUR",0.1,2,1000,0.8,0.0934301917600163,0.0103073388805294,0.1,0.0111111111111111,0.097218702765791,0.0107700904366281,0.0128487441067115,0.025697488213423,0.8,0.927660499247644,1.02964364233399
"ASN-AFR",0.972701005122232,197,0.0174896582562131,0.0344920759998598,"model1_allthree","EUR",0.1,2,1000,0.8,0.0934301917600163,0.0103073388805294,0.1,0.0111111111111111,0.097218702765791,0.0107700904366281,0.0128487441067115,0.025697488213423,0.8,0.927660499247644,0.961592211612592
"EUR-AFR",1.03751669371173,197,0.0169370421322499,0.0334022389620368,"model1_allthree","EUR",0.1,5,1000,0.8,0.101756630532079,0.0113304754416603,0.1,0.0111111111111111,0.0958817227041451,0.0106067634356668,0.0117995968782363,0.0589979843911814,0.8,1.01974278974943,1.01756630532079
"EUR-ASN",0.993396551972664,194,0.0169220936033566,0.0333759812346808,"model1_allthree","EUR",0.1,5,1000,0.8,0.101756630532079,0.0113304754416603,0.1,0.0111111111111111,0.0958817227041451,0.0106067634356668,0.0117995968782363,0.0589979843911814,0.8,1.01974278974943,0.958817227041451
"AFR-EUR",0.9934306421754,196,0.0159136679175468,0.0313850003375264,"model1_allthree","EUR",0.1,5,1000,0.8,0.101756630532079,0.0113304754416603,0.1,0.0111111111111111,0.0958817227041451,0.0106067634356668,0.0117995968782363,0.0589979843911814,0.8,1.01974278974943,0.984150765041352
"AFR-ASN",0.981231075192081,196,0.0170795080331769,0.0336842749367034,"model1_allthree","EUR",0.1,5,1000,0.8,0.101756630532079,0.0113304754416603,0.1,0.0111111111111111,0.0958817227041451,0.0106067634356668,0.0117995968782363,0.0589979843911814,0.8,1.01974278974943,0.942877730154715
"ASN-EUR",1.04414854051903,199,0.0180128464231572,0.0355216479720474,"model1_allthree","EUR",0.1,5,1000,0.8,0.101756630532079,0.0113304754416603,0.1,0.0111111111111111,0.0958817227041451,0.0106067634356668,0.0117995968782363,0.0589979843911814,0.8,1.01974278974943,1.0444215821
"ASN-AFR",1.06841922306554,200,0.0184923694042682,0.0364661488654676,"model1_allthree","EUR",0.1,5,1000,0.8,0.101756630532079,0.0113304754416603,0.1,0.0111111111111111,0.0958817227041451,0.0106067634356668,0.0117995968782363,0.0589979843911814,0.8,1.01974278974943,1.06193226156859
"EUR-AFR",0.951667974227943,199,0.0171848417818943,0.0338888083477474,"model1_allthree","EUR",0.1,1,1000,0.9,0.0932765489488437,0.0102904223335672,0.1,0.0111111111111111,0.0977605029893554,0.0108378322198921,0.0183411433522402,0.0183411433522402,0.9,0.926138010021049,0.932765489488437
"EUR-ASN",0.994756303302294,197,0.0164383612513927,0.0324187698404435,"model1_allthree","EUR",0.1,1,1000,0.9,0.0932765489488437,0.0102904223335672,0.1,0.0111111111111111,0.0977605029893554,0.0108378322198921,0.0183411433522402,0.0183411433522402,0.9,0.926138010021049,0.977605029893554
"AFR-EUR",1.10481911144356,197,0.019601536411746,0.0386569979655138,"model1_allthree","EUR",0.1,1,1000,0.9,0.0932765489488437,0.0102904223335672,0.1,0.0111111111111111,0.0977605029893554,0.0108378322198921,0.0183411433522402,0.0183411433522402,0.9,0.926138010021049,1.07499175658443
"AFR-ASN",1.07174119586679,196,0.017610700398183,0.0347318946709712,"model1_allthree","EUR",0.1,1,1000,0.9,0.0932765489488437,0.0102904223335672,0.1,0.0111111111111111,0.0977605029893554,0.0108378322198921,0.0183411433522402,0.0183411433522402,0.9,0.926138010021049,1.05027067107702
"ASN-EUR",1.04221481638997,197,0.017459847540003,0.0344332850575746,"model1_allthree","EUR",0.1,1,1000,0.9,0.0932765489488437,0.0102904223335672,0.1,0.0111111111111111,0.0977605029893554,0.0108378322198921,0.0183411433522402,0.0183411433522402,0.9,0.926138010021049,1.02489669921072
"ASN-AFR",0.973478426035462,200,0.0163637148692568,0.0322685346247006,"model1_allthree","EUR",0.1,1,1000,0.9,0.0932765489488437,0.0102904223335672,0.1,0.0111111111111111,0.0977605029893554,0.0108378322198921,0.0183411433522402,0.0183411433522402,0.9,0.926138010021049,0.95538777155692
"EUR-AFR",1.28689065980011,195,0.0237916366432613,0.0469234724984956,"model1_allthree","EUR",0.1,10,1000,0.9,0.125513299515832,0.0143707972508801,0.1,0.0111111111111111,0.0906943522354693,0.00998251249091405,0.0105912367839368,0.105912367839368,0.9,1.2933717525792,1.25513299515832
"EUR-ASN",0.917521071372993,195,0.0175629676727019,0.0346388709166595,"model1_allthree","EUR",0.1,10,1000,0.9,0.125513299515832,0.0143707972508801,0.1,0.0111111111111111,0.0906943522354693,0.00998251249091405,0.0105912367839368,0.105912367839368,0.9,1.2933717525792,0.906943522354693
"AFR-EUR",0.809791404012405,197,0.0152679451408695,0.0301105439823834,"model1_allthree","EUR",0.1,10,1000,0.9,0.125513299515832,0.0143707972508801,0.1,0.0111111111111111,0.0906943522354693,0.00998251249091405,0.0105912367839368,0.105912367839368,0.9,1.2933717525792,0.802848732939703
"AFR-ASN",0.731492886725366,197,0.0145912462881845,0.0287759982803519,"model1_allthree","EUR",0.1,10,1000,0.9,0.125513299515832,0.0143707972508801,0.1,0.0111111111111111,0.0906943522354693,0.00998251249091405,0.0105912367839368,0.105912367839368,0.9,1.2933717525792,0.725703062863799
"ASN-EUR",1.12766415729662,194,0.0216884252540315,0.0427767681266548,"model1_allthree","EUR",0.1,10,1000,0.9,0.125513299515832,0.0143707972508801,0.1,0.0111111111111111,0.0906943522354693,0.00998251249091405,0.0105912367839368,0.105912367839368,0.9,1.2933717525792,1.11090522348424
"ASN-AFR",1.45326050269542,199,0.0279054874244462,0.0550301089285493,"model1_allthree","EUR",0.1,10,1000,0.9,0.125513299515832,0.0143707972508801,0.1,0.0111111111111111,0.0906943522354693,0.00998251249091405,0.0105912367839368,0.105912367839368,0.9,1.2933717525792,1.38974566322828
"EUR-AFR",1.00216979919127,199,0.0181340734165471,0.0357607097217977,"model1_allthree","EUR",0.1,2,1000,0.9,0.0969346803271703,0.0107370726075569,0.1,0.0111111111111111,0.0972188075313419,0.0107709914771902,0.0178323737749081,0.0356647475498162,0.9,0.966336534680123,0.969346803271703
"EUR-ASN",0.97632693020603,195,0.0167807297691573,0.0330960884967434,"model1_allthree","EUR",0.1,2,1000,0.9,0.0969346803271703,0.0107370726075569,0.1,0.0111111111111111,0.0972188075313419,0.0107709914771902,0.0178323737749081,0.0356647475498162,0.9,0.966336534680123,0.972188075313419
"AFR-EUR",1.04111214623297,195,0.0183646523765037,0.0362200076293356,"model1_allthree","EUR",0.1,2,1000,0.9,0.0969346803271703,0.0107370726075569,0.1,0.0111111111111111,0.0972188075313419,0.0107709914771902,0.0178323737749081,0.0356647475498162,0.9,0.966336534680123,1.03414023427931
"AFR-ASN",1.00946181355687,196,0.0176381818162258,0.03478609363497,"model1_allthree","EUR",0.1,2,1000,0.9,0.0969346803271703,0.0107370726075569,0.1,0.0111111111111111,0.0972188075313419,0.0107709914771902,0.0178323737749081,0.0356647475498162,0.9,0.966336534680123,1.0045994614613
"ASN-EUR",1.06535217636535,199,0.0181546910162689,0.0358013679888001,"model1_allthree","EUR",0.1,2,1000,0.9,0.0969346803271703,0.0107370726075569,0.1,0.0111111111111111,0.0972188075313419,0.0107709914771902,0.0178323737749081,0.0356647475498162,0.9,0.966336534680123,1.03034879251898
"ASN-AFR",1.02236503615469,195,0.0177207612177258,0.0349500820023613,"model1_allthree","EUR",0.1,2,1000,0.9,0.0969346803271703,0.0107370726075569,0.1,0.0111111111111111,0.0972188075313419,0.0107709914771902,0.0178323737749081,0.0356647475498162,0.9,0.966336534680123,0.99799994208095
"EUR-AFR",1.13327064336835,196,0.0171248596520535,0.0337737175831833,"model1_allthree","EUR",0.1,5,1000,0.9,0.109999509802441,0.0123645173964195,0.1,0.0111111111111111,0.0941273883331743,0.0103940999914098,0.0150581170797837,0.0752905853989183,0.9,1.11280656567776,1.09999509802441
"EUR-ASN",0.972167816842477,195,0.0169054515312503,0.0333420731787259,"model1_allthree","EUR",0.1,5,1000,0.9,0.109999509802441,0.0123645173964195,0.1,0.0111111111111111,0.0941273883331743,0.0103940999914098,0.0150581170797837,0.0752905853989183,0.9,1.11280656567776,0.941273883331743
"AFR-EUR",0.908574580038824,198,0.0139616476343804,0.0275334725767647,"model1_allthree","EUR",0.1,5,1000,0.9,0.109999509802441,0.0123645173964195,0.1,0.0111111111111111,0.0941273883331743,0.0103940999914098,0.0150581170797837,0.0752905853989183,0.9,1.11280656567776,0.911760934972385
"AFR-ASN",0.874884786305277,197,0.0163226904415023,0.0321906506681156,"model1_allthree","EUR",0.1,5,1000,0.9,0.109999509802441,0.0123645173964195,0.1,0.0111111111111111,0.0941273883331743,0.0103940999914098,0.0150581170797837,0.0752905853989183,0.9,1.11280656567776,0.857109743675809
"ASN-EUR",1.05423607339675,194,0.0182293314300892,0.0359542878081439,"model1_allthree","EUR",0.1,5,1000,0.9,0.109999509802441,0.0123645173964195,0.1,0.0111111111111111,0.0941273883331743,0.0103940999914098,0.0150581170797837,0.0752905853989183,0.9,1.11280656567776,1.06535314083521
"ASN-AFR",1.20939687979762,199,0.0232300264963975,0.0458100182614965,"model1_allthree","EUR",0.1,5,1000,0.9,0.109999509802441,0.0123645173964195,0.1,0.0111111111111111,0.0941273883331743,0.0103940999914098,0.0150581170797837,0.0752905853989183,0.9,1.11280656567776,1.17035924872127
"EUR-AFR",0.843690624280632,196,0.0150748590839668,0.0297306981577003,"model2_european","EUR",0.1,1,1000,0.1,0.0848948212245423,0.00927753602245595,0.1,0.0111111111111111,0.0855261205319868,0.00935298613872816,0.00732228615936293,0.00732228615936293,0.1,0.834978242021035,0.848948212245423
"EUR-ASN",0.853847554814534,195,0.0150160226262032,0.0296156138941792,"model2_european","EUR",0.1,1,1000,0.1,0.0848948212245423,0.00927753602245595,0.1,0.0111111111111111,0.0855261205319868,0.00935298613872816,0.00732228615936293,0.00732228615936293,0.1,0.834978242021035,0.855261205319867
"AFR-EUR",1.22040517162363,195,0.0211483318888872,0.0417101683527236,"model2_european","EUR",0.1,1,1000,0.1,0.0848948212245423,0.00927753602245595,0.1,0.0111111111111111,0.0855261205319868,0.00935298613872816,0.00732228615936293,0.00732228615936293,0.1,0.834978242021035,1.17852918929288
"AFR-ASN",1.02463781156358,194,0.0182820102431224,0.0360581878997326,"model2_european","EUR",0.1,1,1000,0.1,0.0848948212245423,0.00927753602245595,0.1,0.0111111111111111,0.0855261205319868,0.00935298613872816,0.00732228615936293,0.00732228615936293,0.1,0.834978242021035,1.00782391328609
"ASN-EUR",1.19063446713129,191,0.0201888476660424,0.0398230709834001,"model2_european","EUR",0.1,1,1000,0.1,0.0848948212245423,0.00927753602245595,0.1,0.0111111111111111,0.0855261205319868,0.00935298613872816,0.00732228615936293,0.00732228615936293,0.1,0.834978242021035,1.16983342346786
"ASN-AFR",1.00556291998146,196,0.018172273685719,0.0358394317837339,"model2_european","EUR",0.1,1,1000,0.1,0.0848948212245423,0.00927753602245595,0.1,0.0111111111111111,0.0855261205319868,0.00935298613872816,0.00732228615936293,0.00732228615936293,0.1,0.834978242021035,0.993004795322581
"EUR-AFR",1.2881234583699,196,0.0251252721836517,0.0495521635898201,"model2_european","EUR",0.1,10,1000,0.1,0.125783848495533,0.0144422307459875,0.1,0.0111111111111111,0.0977177071893744,0.0108520614354678,0.00690759698637948,0.0690759698637948,0.1,1.29980076713887,1.25783848495533
"EUR-ASN",0.992910473788707,194,0.0182862469808196,0.0360665441516949,"model2_european","EUR",0.1,10,1000,0.1,0.125783848495533,0.0144422307459875,0.1,0.0111111111111111,0.0977177071893744,0.0108520614354678,0.00690759698637948,0.0690759698637948,0.1,1.29980076713887,0.977177071893744
"AFR-EUR",0.809133474995889,195,0.0155854262388184,0.0307386301522752,"model2_european","EUR",0.1,10,1000,0.1,0.125783848495533,0.0144422307459875,0.1,0.0111111111111111,0.0977177071893744,0.0108520614354678,0.00690759698637948,0.0690759698637948,0.1,1.29980076713887,0.813532687763106
"AFR-ASN",0.789735562671765,195,0.0152164545911648,0.0300109193511647,"model2_european","EUR",0.1,10,1000,0.1,0.125783848495533,0.0144422307459875,0.1,0.0111111111111111,0.0977177071893744,0.0108520614354678,0.00690759698637948,0.0690759698637948,0.1,1.29980076713887,0.792842038898713
"ASN-EUR",1.01868550973835,190,0.0181387304740778,0.0357803704742809,"model2_european","EUR",0.1,10,1000,0.1,0.125783848495533,0.0144422307459875,0.1,0.0111111111111111,0.0977177071893744,0.0108520614354678,0.00690759698637948,0.0690759698637948,0.1,1.29980076713887,1.03930452820128
"ASN-AFR",1.32734927540447,197,0.0266243290904115,0.0525069368982963,"model2_european","EUR",0.1,10,1000,0.1,0.125783848495533,0.0144422307459875,0.1,0.0111111111111111,0.0977177071893744,0.0108520614354678,0.00690759698637948,0.0690759698637948,0.1,1.29980076713887,1.30349853813262
"EUR-AFR",0.844137976137481,195,0.0138405441755659,0.0272972559107373,"model2_european","EUR",0.1,2,1000,0.1,0.085879718510934,0.00939541961730533,0.1,0.0111111111111111,0.085650784454537,0.00936795016971684,0.00730801402196084,0.0146160280439217,0.1,0.84558776555748,0.85879718510934
"EUR-ASN",0.843498502452118,193,0.0160428572446412,0.0316428753400071,"model2_european","EUR",0.1,2,1000,0.1,0.085879718510934,0.00939541961730533,0.1,0.0111111111111111,0.085650784454537,0.00936795016971684,0.00730801402196084,0.0146160280439217,0.1,0.84558776555748,0.85650784454537
"AFR-EUR",1.19486721183375,192,0.0187322635396751,0.0369486778143114,"model2_european","EUR",0.1,2,1000,0.1,0.085879718510934,0.00939541961730533,0.1,0.0111111111111111,0.085650784454537,0.00936795016971684,0.00730801402196084,0.0146160280439217,0.1,0.84558776555748,1.16517575097157
"AFR-ASN",1.02568671017698,195,0.0213333416426988,0.0420750570833772,"model2_european","EUR",0.1,2,1000,0.1,0.085879718510934,0.00939541961730533,0.1,0.0111111111111111,0.085650784454537,0.00936795016971684,0.00730801402196084,0.0146160280439217,0.1,0.84558776555748,0.997817530546825
"ASN-EUR",1.23873297848108,198,0.0253133023584256,0.049919832856747,"model2_european","EUR",0.1,2,1000,0.1,0.085879718510934,0.00939541961730533,0.1,0.0111111111111111,0.085650784454537,0.00936795016971684,0.00730801402196084,0.0146160280439217,0.1,0.84558776555748,1.16819439263733
"ASN-AFR",1.01378192790759,193,0.0208445564290816,0.0411137299637502,"model2_european","EUR",0.1,2,1000,0.1,0.085879718510934,0.00939541961730533,0.1,0.0111111111111111,0.085650784454537,0.00936795016971684,0.00730801402196084,0.0146160280439217,0.1,0.84558776555748,1.00307492359798
"EUR-AFR",1.00395258051518,192,0.0168657279080277,0.0332670072283406,"model2_european","EUR",0.1,5,1000,0.1,0.0965401383466802,0.0106923601453481,0.1,0.0111111111111111,0.0887216814369036,0.00973796178368688,0.00721471307378286,0.0360735653689143,0.1,0.962312413081325,0.965401383466802
"EUR-ASN",0.916884426472854,193,0.0177820784368647,0.0350733091171703,"model2_european","EUR",0.1,5,1000,0.1,0.0965401383466802,0.0106923601453481,0.1,0.0111111111111111,0.0887216814369036,0.00973796178368688,0.00721471307378286,0.0360735653689143,0.1,0.962312413081325,0.887216814369036
"AFR-EUR",1.0051198716733,193,0.0168695871522632,0.0332735145090663,"model2_european","EUR",0.1,5,1000,0.1,0.0965401383466802,0.0106923601453481,0.1,0.0111111111111111,0.0887216814369036,0.00973796178368688,0.00721471307378286,0.0360735653689143,0.1,0.962312413081325,1.04129202510658
"AFR-ASN",0.940256466341615,200,0.0184937320883659,0.0364688360192917,"model2_european","EUR",0.1,5,1000,0.1,0.0965401383466802,0.0106923601453481,0.1,0.0111111111111111,0.0887216814369036,0.00973796178368688,0.00721471307378286,0.0360735653689143,0.1,0.962312413081325,0.92362501615933
"ASN-EUR",1.13776207722821,197,0.0227117180996922,0.0447907154791708,"model2_european","EUR",0.1,5,1000,0.1,0.0965401383466802,0.0106923601453481,0.1,0.0111111111111111,0.0887216814369036,0.00973796178368688,0.00721471307378286,0.0360735653689143,0.1,0.962312413081325,1.12923555331475
"ASN-AFR",1.12541318703649,195,0.0215819092391148,0.0425652988834406,"model2_european","EUR",0.1,5,1000,0.1,0.0965401383466802,0.0106923601453481,0.1,0.0111111111111111,0.0887216814369036,0.00973796178368688,0.00721471307378286,0.0360735653689143,0.1,0.962312413081325,1.08987349088935
"EUR-AFR",0.810270647859407,195,0.0154998382402439,0.030569827721508,"model2_european","EUR",0.1,1,1000,0.2,0.0853219445387168,0.00932869693497122,0.1,0.0111111111111111,0.0853085925412585,0.00932702295483928,0.00776039950607769,0.00776039950607769,0.2,0.83958272414741,0.853219445387168
"EUR-ASN",0.865707300966277,197,0.015907950804482,0.0313727255336907,"model2_european","EUR",0.1,1,1000,0.2,0.0853219445387168,0.00932869693497122,0.1,0.0111111111111111,0.0853085925412585,0.00932702295483928,0.00776039950607769,0.00776039950607769,0.2,0.83958272414741,0.853085925412585
"AFR-EUR",1.27153607775125,194,0.0234115855343787,0.0461754117300567,"model2_european","EUR",0.1,1,1000,0.2,0.0853219445387168,0.00932869693497122,0.1,0.0111111111111111,0.0853085925412585,0.00932702295483928,0.00776039950607769,0.00776039950607769,0.2,0.83958272414741,1.17277950500592
"AFR-ASN",1.08272492555181,195,0.0201369961214412,0.0397155436540509,"model2_european","EUR",0.1,1,1000,0.2,0.0853219445387168,0.00932869693497122,0.1,0.0111111111111111,0.0853085925412585,0.00932702295483928,0.00776039950607769,0.00776039950607769,0.2,0.83958272414741,1.00034555632323
"ASN-EUR",1.19872376421102,195,0.0217257301735029,0.0428489522428398,"model2_european","EUR",0.1,1,1000,0.2,0.0853219445387168,0.00932869693497122,0.1,0.0111111111111111,0.0853085925412585,0.00932702295483928,0.00776039950607769,0.00776039950607769,0.2,0.83958272414741,1.17287592500248
"ASN-AFR",0.934105992238717,190,0.0169369623990738,0.033409768683309,"model2_european","EUR",0.1,1,1000,0.2,0.0853219445387168,0.00932869693497122,0.1,0.0111111111111111,0.0853085925412585,0.00932702295483928,0.00776039950607769,0.00776039950607769,0.2,0.83958272414741,1.00058260190532
"EUR-AFR",1.67586964657391,199,0.0333197187270441,0.0657070676863209,"model2_european","EUR",0.1,10,1000,0.2,0.163888068303381,0.0197193579994011,0.1,0.0111111111111111,0.107377733700416,0.0120710648094903,0.00686040435168825,0.0686040435168825,0.2,1.7747422199461,1.63888068303381
"EUR-ASN",1.08790470849543,197,0.0227139878332084,0.0447951917142004,"model2_european","EUR",0.1,10,1000,0.2,0.163888068303381,0.0197193579994011,0.1,0.0111111111111111,0.107377733700416,0.0120710648094903,0.00686040435168825,0.0686040435168825,0.2,1.7747422199461,1.07377733700416
"AFR-EUR",0.637048564402962,198,0.0125051637328184,0.0246611712114585,"model2_european","EUR",0.1,10,1000,0.2,0.163888068303381,0.0197193579994011,0.1,0.0111111111111111,0.107377733700416,0.0120710648094903,0.00686040435168825,0.0686040435168825,0.2,1.7747422199461,0.626488738174631
"AFR-ASN",0.664089956790752,196,0.0121191203621663,0.0239013782760742,"model2_european","EUR",0.1,10,1000,0.2,0.163888068303381,0.0197193579994011,0.1,0.0111111111111111,0.107377733700416,0.0120710648094903,0.00686040435168825,0.0686040435168825,0.2,1.7747422199461,0.668952865888692
"ASN-EUR",0.966557618879746,194,0.0196670326044957,0.0387899113747547,"model2_european","EUR",0.1,10,1000,0.2,0.163888068303381,0.0197193579994011,0.1,0.0111111111111111,0.107377733700416,0.0120710648094903,0.00686040435168825,0.0686040435168825,0.2,1.7747422199461,0.954589034530416
"ASN-AFR",1.54715650084194,192,0.0287023975071024,0.0566143880979486,"model2_european","EUR",0.1,10,1000,0.2,0.163888068303381,0.0197193579994011,0.1,0.0111111111111111,0.107377733700416,0.0120710648094903,0.00686040435168825,0.0686040435168825,0.2,1.7747422199461,1.55649638415796
"EUR-AFR",0.943042925883488,197,0.017436235731841,0.0343867192373802,"model2_european","EUR",0.1,2,1000,0.2,0.0885354267165953,0.00971449910191216,0.1,0.0111111111111111,0.0863481302774654,0.00945156868675255,0.00773360900021923,0.0154672180004385,0.2,0.874304919172094,0.885354267165953
"EUR-ASN",0.892529310448526,194,0.0165179052006972,0.0325787876451263,"model2_european","EUR",0.1,2,1000,0.2,0.0885354267165953,0.00971449910191216,0.1,0.0111111111111111,0.0863481302774654,0.00945156868675255,0.00773360900021923,0.0154672180004385,0.2,0.874304919172094,0.863481302774654
"AFR-EUR",1.09063858681387,192,0.0196162021447592,0.0386922131141275,"model2_european","EUR",0.1,2,1000,0.2,0.0885354267165953,0.00971449910191216,0.1,0.0111111111111111,0.0863481302774654,0.00945156868675255,0.00773360900021923,0.0154672180004385,0.2,0.874304919172094,1.13054610184193
"AFR-ASN",0.977508882570534,195,0.019354265749268,0.0381717899542477,"model2_european","EUR",0.1,2,1000,0.2,0.0885354267165953,0.00971449910191216,0.1,0.0111111111111111,0.0863481302774654,0.00945156868675255,0.00773360900021923,0.0154672180004385,0.2,0.874304919172094,0.975994613193567
"ASN-EUR",1.15579400348446,195,0.0215380040186939,0.0424787060426934,"model2_european","EUR",0.1,2,1000,0.2,0.0885354267165953,0.00971449910191216,0.1,0.0111111111111111,0.0863481302774654,0.00945156868675255,0.00773360900021923,0.0154672180004385,0.2,0.874304919172094,1.15892000515577
"ASN-AFR",1.07437153349761,197,0.0216065718506455,0.0426112110054606,"model2_european","EUR",0.1,2,1000,0.2,0.0885354267165953,0.00971449910191216,0.1,0.0111111111111111,0.0863481302774654,0.00945156868675255,0.00773360900021923,0.0154672180004385,0.2,0.874304919172094,1.02583659644711
"EUR-AFR",1.15031448843292,199,0.019822423213805,0.0390901650306917,"model2_european","EUR",0.1,5,1000,0.2,0.110052738891988,0.0123784296872426,0.1,0.0111111111111111,0.0914675663081872,0.0100713793240171,0.00751463838257456,0.0375731919128728,0.2,1.11405867185183,1.10052738891988
"EUR-ASN",0.956464007465124,200,0.0210612768750186,0.0415319227639911,"model2_european","EUR",0.1,5,1000,0.2,0.110052738891988,0.0123784296872426,0.1,0.0111111111111111,0.0914675663081872,0.0100713793240171,0.00751463838257456,0.0375731919128728,0.2,1.11405867185183,0.914675663081872
"AFR-EUR",0.90687185862138,196,0.0155784512667196,0.0307238847007125,"model2_european","EUR",0.1,5,1000,0.2,0.110052738891988,0.0123784296872426,0.1,0.0111111111111111,0.0914675663081872,0.0100713793240171,0.00751463838257456,0.0375731919128728,0.2,1.11405867185183,0.915126104505185
"AFR-ASN",0.837474985036189,197,0.0169342565858508,0.0333967454711583,"model2_european","EUR",0.1,5,1000,0.2,0.110052738891988,0.0123784296872426,0.1,0.0111111111111111,0.0914675663081872,0.0100713793240171,0.00751463838257456,0.0375731919128728,0.2,1.11405867185183,0.836920541218926
"ASN-EUR",1.1379198457359,197,0.0253657165499717,0.0500247752251942,"model2_european","EUR",0.1,5,1000,0.2,0.110052738891988,0.0123784296872426,0.1,0.0111111111111111,0.0914675663081872,0.0100713793240171,0.00751463838257456,0.0375731919128728,0.2,1.11405867185183,1.09684636451212
"ASN-AFR",1.25666914922028,196,0.0245608955224977,0.0484390976522509,"model2_european","EUR",0.1,5,1000,0.2,0.110052738891988,0.0123784296872426,0.1,0.0111111111111111,0.0914675663081872,0.0100713793240171,0.00751463838257456,0.0375731919128728,0.2,1.11405867185183,1.20690978583715
"EUR-AFR",0.905653986779825,199,0.0150692011669119,0.0297167280781817,"model2_european","EUR",0.1,1,1000,0.3,0.086014884584558,0.00941184579619092,0.1,0.0111111111111111,0.085586389302953,0.00936035752371022,0.00829301473712539,0.00829301473712539,0.3,0.847066121657183,0.860148845845579
"EUR-ASN",0.86967053555068,197,0.0157333056108672,0.0310283005481978,"model2_european","EUR",0.1,1,1000,0.3,0.086014884584558,0.00941184579619092,0.1,0.0111111111111111,0.085586389302953,0.00936035752371022,0.00829301473712539,0.00829301473712539,0.3,0.847066121657183,0.85586389302953
"AFR-EUR",1.14168605062934,194,0.0189001320163391,0.037277329052547,"model2_european","EUR",0.1,1,1000,0.3,0.086014884584558,0.00941184579619092,0.1,0.0111111111111111,0.085586389302953,0.00936035752371022,0.00829301473712539,0.00829301473712539,0.3,0.847066121657183,1.16364392976441
"AFR-ASN",0.998193212811705,198,0.0207047823686343,0.0408314672081306,"model2_european","EUR",0.1,1,1000,0.3,0.086014884584558,0.00941184579619092,0.1,0.0111111111111111,0.085586389302953,0.00936035752371022,0.00829301473712539,0.00829301473712539,0.3,0.847066121657183,0.995699457183432
"ASN-EUR",1.20682765154423,198,0.0216639170469312,0.0427229565977697,"model2_european","EUR",0.1,1,1000,0.3,0.086014884584558,0.00941184579619092,0.1,0.0111111111111111,0.085586389302953,0.00936035752371022,0.00829301473712539,0.00829301473712539,0.3,0.847066121657183,1.16921096069904
"ASN-AFR",1.07114196535375,197,0.0224847440753843,0.0443430906495867,"model2_european","EUR",0.1,1,1000,0.3,0.086014884584558,0.00941184579619092,0.1,0.0111111111111111,0.085586389302953,0.00936035752371022,0.00829301473712539,0.00829301473712539,0.3,0.847066121657183,1.00547147701083
"EUR-AFR",1.9750356119769,194,0.0346554020538538,0.0683519472082529,"model2_european","EUR",0.1,10,1000,0.3,0.198061025735149,0.0248600844557886,0.1,0.0111111111111111,0.116488669098851,0.013244121557925,0.00681024819238977,0.0681024819238977,0.3,2.23740760102097,1.98061025735149
"EUR-ASN",1.15848182462195,194,0.0213102762097865,0.0420309327885185,"model2_european","EUR",0.1,10,1000,0.3,0.198061025735149,0.0248600844557886,0.1,0.0111111111111111,0.116488669098851,0.013244121557925,0.00681024819238977,0.0681024819238977,0.3,2.23740760102097,1.16488669098851
"AFR-EUR",0.527969279599394,199,0.0097369955517398,0.0192015254096453,"model2_european","EUR",0.1,10,1000,0.3,0.198061025735149,0.0248600844557886,0.1,0.0111111111111111,0.116488669098851,0.013244121557925,0.00681024819238977,0.0681024819238977,0.3,2.23740760102097,0.516122513790836
"AFR-ASN",0.58912819538748,193,0.0110092991891546,0.021714703092532,"model2_european","EUR",0.1,10,1000,0.3,0.198061025735149,0.0248600844557886,0.1,0.0111111111111111,0.116488669098851,0.013244121557925,0.00681024819238977,0.0681024819238977,0.3,2.23740760102097,0.598221829428165
"ASN-EUR",0.889627259178677,195,0.0168227194889673,0.033178903457827,"model2_european","EUR",0.1,10,1000,0.3,0.198061025735149,0.0248600844557886,0.1,0.0111111111111111,0.116488669098851,0.013244121557925,0.00681024819238977,0.0681024819238977,0.3,2.23740760102097,0.885101624247277
"ASN-AFR",1.75346658333629,197,0.0331415899882404,0.065359895767231,"model2_european","EUR",0.1,10,1000,0.3,0.198061025735149,0.0248600844557886,0.1,0.0111111111111111,0.116488669098851,0.013244121557925,0.00681024819238977,0.0681024819238977,0.3,2.23740760102097,1.74350691914291
"EUR-AFR",0.908365973908293,198,0.016099969188311,0.0317504116807481,"model2_european","EUR",0.1,2,1000,0.3,0.0912686633828704,0.0100448803899374,0.1,0.0111111111111111,0.0869848216468098,0.00952806778166021,0.00821916625668064,0.0164383325133613,0.3,0.904039235094362,0.912686633828704
"EUR-ASN",0.85729447951946,191,0.0152357081720629,0.0300528637421419,"model2_european","EUR",0.1,2,1000,0.3,0.0912686633828704,0.0100448803899374,0.1,0.0111111111111111,0.0869848216468098,0.00952806778166021,0.00821916625668064,0.0164383325133613,0.3,0.904039235094362,0.869848216468098
"AFR-EUR",1.15297073218098,197,0.0209826880201157,0.0413808239857444,"model2_european","EUR",0.1,2,1000,0.3,0.0912686633828704,0.0100448803899374,0.1,0.0111111111111111,0.0869848216468098,0.00952806778166021,0.00821916625668064,0.0164383325133613,0.3,0.904039235094362,1.09701254706961
"AFR-ASN",0.973958697322843,195,0.0168047011691085,0.0331433665105777,"model2_european","EUR",0.1,2,1000,0.3,0.0912686633828704,0.0100448803899374,0.1,0.0111111111111111,0.0869848216468098,0.00952806778166021,0.00821916625668064,0.0164383325133613,0.3,0.904039235094362,0.95393689332155
"ASN-EUR",1.16168286885648,189,0.0192925115199779,0.0380576177177968,"model2_european","EUR",0.1,2,1000,0.3,0.0912686633828704,0.0100448803899374,0.1,0.0111111111111111,0.0869848216468098,0.00952806778166021,0.00821916625668064,0.0164383325133613,0.3,0.904039235094362,1.15062733615525
"ASN-AFR",1.05158099744248,195,0.0182434774669825,0.0359810182895234,"model2_european","EUR",0.1,2,1000,0.3,0.0912686633828704,0.0100448803899374,0.1,0.0111111111111111,0.0869848216468098,0.00952806778166021,0.00821916625668064,0.0164383325133613,0.3,0.904039235094362,1.04983484851728
"EUR-AFR",1.26900640303753,193,0.0213686970258606,0.0421475430377931,"model2_european","EUR",0.1,5,1000,0.3,0.125191912149486,0.0143292050096648,0.1,0.0111111111111111,0.0958800785902337,0.0106109585176246,0.00783943443284955,0.0391971721642477,0.3,1.28962845086983,1.25191912149486
"EUR-ASN",0.97787380413386,197,0.0178512393813197,0.0352051650416573,"model2_european","EUR",0.1,5,1000,0.3,0.125191912149486,0.0143292050096648,0.1,0.0111111111111111,0.0958800785902337,0.0106109585176246,0.00783943443284955,0.0391971721642477,0.3,1.28962845086983,0.958800785902337
"AFR-EUR",0.795606056164463,192,0.0136331311876939,0.0268908330692362,"model2_european","EUR",0.1,5,1000,0.3,0.125191912149486,0.0143292050096648,0.1,0.0111111111111111,0.0958800785902337,0.0106109585176246,0.00783943443284955,0.0391971721642477,0.3,1.28962845086983,0.805142093810579
"AFR-ASN",0.773320225202697,197,0.0135325605001764,0.0266881203970334,"model2_european","EUR",0.1,5,1000,0.3,0.125191912149486,0.0143292050096648,0.1,0.0111111111111111,0.0958800785902337,0.0106109585176246,0.00783943443284955,0.0391971721642477,0.3,1.28962845086983,0.771775028007773
"ASN-EUR",1.05779711643576,194,0.0186428295938946,0.0367698433345007,"model2_european","EUR",0.1,5,1000,0.3,0.125191912149486,0.0143292050096648,0.1,0.0111111111111111,0.0958800785902337,0.0106109585176246,0.00783943443284955,0.0391971721642477,0.3,1.28962845086983,1.04810941451628
"ASN-AFR",1.33271757204042,194,0.0227201136426261,0.0448115998150307,"model2_european","EUR",0.1,5,1000,0.3,0.125191912149486,0.0143292050096648,0.1,0.0111111111111111,0.0958800785902337,0.0106109585176246,0.00783943443284955,0.0391971721642477,0.3,1.28962845086983,1.31175061563268
"EUR-AFR",0.878852720571034,197,0.0160484199756479,0.0316497505765197,"model2_european","EUR",0.1,1,1000,0.4,0.0869237803749453,0.00952092228341275,0.1,0.0111111111111111,0.0859334273298873,0.00940201358979705,0.00893082463463746,0.00893082463463746,0.4,0.856883005507147,0.869237803749453
"EUR-ASN",0.86883181959979,197,0.0155735826406905,0.0307133042946661,"model2_european","EUR",0.1,1,1000,0.4,0.0869237803749453,0.00952092228341275,0.1,0.0111111111111111,0.0859334273298873,0.00940201358979705,0.00893082463463746,0.00893082463463746,0.4,0.856883005507147,0.859334273298873
"AFR-EUR",1.20576673712852,200,0.0226783647978865,0.0447207498761208,"model2_european","EUR",0.1,1,1000,0.4,0.0869237803749453,0.00952092228341275,0.1,0.0111111111111111,0.0859334273298873,0.00940201358979705,0.00893082463463746,0.00893082463463746,0.4,0.856883005507147,1.15163561063105
"AFR-ASN",1.01283367647887,195,0.0196630040994552,0.0387807045783848,"model2_european","EUR",0.1,1,1000,0.4,0.0869237803749453,0.00952092228341275,0.1,0.0111111111111111,0.0859334273298873,0.00940201358979705,0.00893082463463746,0.00893082463463746,0.4,0.856883005507147,0.98941373668589
"ASN-EUR",1.18762559614988,194,0.0206483209214195,0.0407253374053117,"model2_european","EUR",0.1,1,1000,0.4,0.0869237803749453,0.00952092228341275,0.1,0.0111111111111111,0.0859334273298873,0.00940201358979705,0.00893082463463746,0.00893082463463746,0.4,0.856883005507147,1.16464033220886
"ASN-AFR",1.02561456807346,195,0.0192662294698399,0.0379981588586423,"model2_european","EUR",0.1,1,1000,0.4,0.0869237803749453,0.00952092228341275,0.1,0.0111111111111111,0.0859334273298873,0.00940201358979705,0.00893082463463746,0.00893082463463746,0.4,0.856883005507147,1.01211661962722
"EUR-AFR",2.29830672007874,197,0.0355533932589707,0.0701163124159774,"model2_european","EUR",0.1,10,1000,0.4,0.224915924397469,0.029208157222987,0.1,0.0111111111111111,0.1266797423867,0.0145819723966023,0.00676697493549196,0.0676697493549196,0.4,2.62873415006883,2.24915924397469
"EUR-ASN",1.30138986843257,199,0.0271035601417825,0.0534486943111827,"model2_european","EUR",0.1,10,1000,0.4,0.224915924397469,0.029208157222987,0.1,0.0111111111111111,0.1266797423867,0.0145819723966023,0.00676697493549196,0.0676697493549196,0.4,2.62873415006883,1.266797423867
"AFR-EUR",0.449617136090043,198,0.00684547733105796,0.0134998223207854,"model2_european","EUR",0.1,10,1000,0.4,0.224915924397469,0.029208157222987,0.1,0.0111111111111111,0.1266797423867,0.0145819723966023,0.00676697493549196,0.0676697493549196,0.4,2.62873415006883,0.452947160234382
"AFR-ASN",0.55244670035696,192,0.00917174325755718,0.0180909149554352,"model2_european","EUR",0.1,10,1000,0.4,0.224915924397469,0.029208157222987,0.1,0.0111111111111111,0.1266797423867,0.0145819723966023,0.00676697493549196,0.0676697493549196,0.4,2.62873415006883,0.571501762862846
"ASN-EUR",0.828412554031951,198,0.0173632763598389,0.0342417532669403,"model2_european","EUR",0.1,10,1000,0.4,0.224915924397469,0.029208157222987,0.1,0.0111111111111111,0.1266797423867,0.0145819723966023,0.00676697493549196,0.0676697493549196,0.4,2.62873415006883,0.814849405251257
"ASN-AFR",1.81555627092996,192,0.0308979580916671,0.0609450478972336,"model2_european","EUR",0.1,10,1000,0.4,0.224915924397469,0.029208157222987,0.1,0.0111111111111111,0.1266797423867,0.0145819723966023,0.00676697493549196,0.0676697493549196,0.4,2.62873415006883,1.8248766921833
"EUR-AFR",0.951763554152501,197,0.0169919906071271,0.0335106051144096,"model2_european","EUR",0.1,2,1000,0.4,0.0953927057916795,0.0105471435987036,0.1,0.0111111111111111,0.0876206099472958,0.00960454925753903,0.00883935905585747,0.0176787181117149,0.4,0.949242923883326,0.953927057916795
"EUR-ASN",0.902052957425167,198,0.0158854930736863,0.0313274478318504,"model2_european","EUR",0.1,2,1000,0.4,0.0953927057916795,0.0105471435987036,0.1,0.0111111111111111,0.0876206099472958,0.00960454925753903,0.00883935905585747,0.0176787181117149,0.4,0.949242923883326,0.876206099472958
"AFR-EUR",1.09239805281013,196,0.0188698265480195,0.0372151483647368,"model2_european","EUR",0.1,2,1000,0.4,0.0953927057916795,0.0105471435987036,0.1,0.0111111111111111,0.0876206099472958,0.00960454925753903,0.00883935905585747,0.0176787181117149,0.4,0.949242923883326,1.04992735299872
"AFR-ASN",0.964079076878698,196,0.017165443857298,0.033853757917184,"model2_european","EUR",0.1,2,1000,0.4,0.0953927057916795,0.0105471435987036,0.1,0.0111111111111111,0.0876206099472958,0.00960454925753903,0.00883935905585747,0.0176787181117149,0.4,0.949242923883326,0.919668339279495
"ASN-EUR",1.15781118546239,197,0.0201013514818988,0.0396427038685701,"model2_european","EUR",0.1,2,1000,0.4,0.0953927057916795,0.0105471435987036,0.1,0.0111111111111111,0.0876206099472958,0.00960454925753903,0.00883935905585747,0.0176787181117149,0.4,0.949242923883326,1.14243736649247
"ASN-AFR",1.07682102459642,196,0.0189531988756468,0.0373795756070471,"model2_european","EUR",0.1,2,1000,0.4,0.0953927057916795,0.0105471435987036,0.1,0.0111111111111111,0.0876206099472958,0.00960454925753903,0.00883935905585747,0.0176787181117149,0.4,0.949242923883326,1.08946125659895
"EUR-AFR",1.43287686184219,195,0.0236795728349384,0.0467024526877628,"model2_european","EUR",0.1,5,1000,0.4,0.142999371322917,0.0167122654113931,0.1,0.0111111111111111,0.100755548718123,0.0112143929364874,0.0082392821042635,0.0411964105213175,0.4,1.50410388702537,1.42999371322917
"EUR-ASN",1.00718224926679,195,0.0187610255056478,0.0370017614827344,"model2_european","EUR",0.1,5,1000,0.4,0.142999371322917,0.0167122654113931,0.1,0.0111111111111111,0.100755548718123,0.0112143929364874,0.0082392821042635,0.0411964105213175,0.4,1.50410388702537,1.00755548718123
"AFR-EUR",0.711611428301261,194,0.0116292128125029,0.0229366647946693,"model2_european","EUR",0.1,5,1000,0.4,0.142999371322917,0.0167122654113931,0.1,0.0111111111111111,0.100755548718123,0.0112143929364874,0.0082392821042635,0.0411964105213175,0.4,1.50410388702537,0.704965388244802
"AFR-ASN",0.7171158696861,199,0.0122099916830392,0.0240783170031894,"model2_european","EUR",0.1,5,1000,0.4,0.142999371322917,0.0167122654113931,0.1,0.0111111111111111,0.100755548718123,0.0112143929364874,0.0082392821042635,0.0411964105213175,0.4,1.50410388702537,0.70960958879449
"ASN-EUR",1.04335990493582,199,0.0194355384034147,0.0383272214226927,"model2_european","EUR",0.1,5,1000,0.4,0.142999371322917,0.0167122654113931,0.1,0.0111111111111111,0.100755548718123,0.0112143929364874,0.0082392821042635,0.0411964105213175,0.4,1.50410388702537,0.999490761721494
"ASN-AFR",1.46244597778008,198,0.0244602719137186,0.0482375894015656,"model2_european","EUR",0.1,5,1000,0.4,0.142999371322917,0.0167122654113931,0.1,0.0111111111111111,0.100755548718123,0.0112143929364874,0.0082392821042635,0.0411964105213175,0.4,1.50410388702537,1.42771071955606
"EUR-AFR",0.884553740978624,196,0.0160343731811378,0.03162305574739,"model2_european","EUR",0.1,1,1000,0.5,0.0887141324596643,0.00973614827049382,0.1,0.0111111111111111,0.0862217355252296,0.00943661826666708,0.00980021133534461,0.00980021133534461,0.5,0.876253344344444,0.887141324596643
"EUR-ASN",0.877325958894766,197,0.0162718081489362,0.0320903036014933,"model2_european","EUR",0.1,1,1000,0.5,0.0887141324596643,0.00973614827049382,0.1,0.0111111111111111,0.0862217355252296,0.00943661826666708,0.00980021133534461,0.00980021133534461,0.5,0.876253344344444,0.862217355252296
"AFR-EUR",1.16716879201775,194,0.0207596942457932,0.0409450025408127,"model2_european","EUR",0.1,1,1000,0.5,0.0887141324596643,0.00973614827049382,0.1,0.0111111111111111,0.0862217355252296,0.00943661826666708,0.00980021133534461,0.00980021133534461,0.5,0.876253344344444,1.12839881041758
"AFR-ASN",0.99628223038901,193,0.018498234239792,0.0364858523100994,"model2_european","EUR",0.1,1,1000,0.5,0.0887141324596643,0.00973614827049382,0.1,0.0111111111111111,0.0862217355252296,0.00943661826666708,0.00980021133534461,0.00980021133534461,0.5,0.876253344344444,0.972691089206029
"ASN-EUR",1.19283669300907,196,0.0226985577021815,0.0447661874581928,"model2_european","EUR",0.1,1,1000,0.5,0.0887141324596643,0.00973614827049382,0.1,0.0111111111111111,0.0862217355252296,0.00943661826666708,0.00980021133534461,0.00980021133534461,0.5,0.876253344344444,1.16084266204582
"ASN-AFR",1.03980971779454,197,0.0201979324510877,0.0398331751791354,"model2_european","EUR",0.1,1,1000,0.5,0.0887141324596643,0.00973614827049382,0.1,0.0111111111111111,0.0862217355252296,0.00943661826666708,0.00980021133534461,0.00980021133534461,0.5,0.876253344344444,1.02958231181552
"EUR-AFR",2.56410142798718,191,0.044364257259058,0.0875097477170484,"model2_european","EUR",0.1,10,1000,0.5,0.254637063086232,0.0343769637829901,0.1,0.0111111111111111,0.135005663946108,0.0156879773965655,0.00672658331405642,0.0672658331405642,0.5,3.09392674046911,2.54637063086232
"EUR-ASN",1.39014567724027,197,0.0283519299166688,0.0559140097023358,"model2_european","EUR",0.1,10,1000,0.5,0.254637063086232,0.0343769637829901,0.1,0.0111111111111111,0.135005663946108,0.0156879773965655,0.00672658331405642,0.0672658331405642,0.5,3.09392674046911,1.35005663946108
"AFR-EUR",0.39675777295352,196,0.00714190410809968,0.0140852922157649,"model2_european","EUR",0.1,10,1000,0.5,0.254637063086232,0.0343769637829901,0.1,0.0111111111111111,0.135005663946108,0.0156879773965655,0.00672658331405642,0.0672658331405642,0.5,3.09392674046911,0.398544778764563
"AFR-ASN",0.532046060124459,195,0.00908449804016584,0.0179170605344251,"model2_european","EUR",0.1,10,1000,0.5,0.254637063086232,0.0343769637829901,0.1,0.0111111111111111,0.135005663946108,0.0156879773965655,0.00672658331405642,0.0672658331405642,0.5,3.09392674046911,0.536287817463881
"ASN-EUR",0.752415713439087,194,0.0148197981418219,0.0292295573040142,"model2_european","EUR",0.1,10,1000,0.5,0.254637063086232,0.0343769637829901,0.1,0.0111111111111111,0.135005663946108,0.0156879773965655,0.00672658331405642,0.0672658331405642,0.5,3.09392674046911,0.762418911048127
"ASN-AFR",1.93465123384247,196,0.0333402185655493,0.0657537141251517,"model2_european","EUR",0.1,10,1000,0.5,0.254637063086232,0.0343769637829901,0.1,0.0111111111111111,0.135005663946108,0.0156879773965655,0.00672658331405642,0.0672658331405642,0.5,3.09392674046911,1.93530825500067
"EUR-AFR",0.991468245838865,197,0.0168476451444334,0.0332259354772715,"model2_european","EUR",0.1,2,1000,0.5,0.10106589743497,0.0112466272045315,0.1,0.0111111111111111,0.0892426753920474,0.00980004820873895,0.00961607983331898,0.019232159666638,0.5,1.01219644840783,1.0106589743497
"EUR-ASN",0.891446544623845,198,0.0175031688797547,0.0345176323724486,"model2_european","EUR",0.1,2,1000,0.5,0.10106589743497,0.0112466272045315,0.1,0.0111111111111111,0.0892426753920474,0.00980004820873895,0.00961607983331898,0.019232159666638,0.5,1.01219644840783,0.892426753920474
"AFR-EUR",1.04656715344698,197,0.0179910658056933,0.0354809224970421,"model2_european","EUR",0.1,2,1000,0.5,0.10106589743497,0.0112466272045315,0.1,0.0111111111111111,0.0892426753920474,0.00980004820873895,0.00961607983331898,0.019232159666638,0.5,1.01219644840783,0.992093100824958
"AFR-ASN",0.911477987875299,197,0.0174946608991097,0.0345019419181334,"model2_european","EUR",0.1,2,1000,0.5,0.10106589743497,0.0112466272045315,0.1,0.0111111111111111,0.0892426753920474,0.00980004820873895,0.00961607983331898,0.019232159666638,0.5,1.01219644840783,0.885077209759316
"ASN-EUR",1.17531701704233,194,0.0223228695287673,0.0440281026662435,"model2_european","EUR",0.1,2,1000,0.5,0.10106589743497,0.0112466272045315,0.1,0.0111111111111111,0.0892426753920474,0.00980004820873895,0.00961607983331898,0.019232159666638,0.5,1.01219644840783,1.12194381756907
"ASN-AFR",1.15092637977231,196,0.0215983817806658,0.0425964160486716,"model2_european","EUR",0.1,2,1000,0.5,0.10106589743497,0.0112466272045315,0.1,0.0111111111111111,0.0892426753920474,0.00980004820873895,0.00961607983331898,0.019232159666638,0.5,1.01219644840783,1.13350952282461
"EUR-AFR",1.71575146632046,197,0.0275641777619232,0.0543604512055089,"model2_european","EUR",0.1,5,1000,0.5,0.164536155085921,0.019734847466832,0.1,0.0111111111111111,0.107493899316853,0.0120622292612676,0.00867431404166885,0.0433715702083443,0.5,1.77613627201488,1.64536155085921
"EUR-ASN",1.12480487834127,194,0.0206578455930198,0.0407441232168105,"model2_european","EUR",0.1,5,1000,0.5,0.164536155085921,0.019734847466832,0.1,0.0111111111111111,0.107493899316853,0.0120622292612676,0.00867431404166885,0.0433715702083443,0.5,1.77613627201488,1.07493899316853
"AFR-EUR",0.606203667350873,199,0.00974121824147589,0.0192098526276084,"model2_european","EUR",0.1,5,1000,0.5,0.164536155085921,0.019734847466832,0.1,0.0111111111111111,0.107493899316853,0.0120622292612676,0.00867431404166885,0.0433715702083443,0.5,1.77613627201488,0.61324524335931
"AFR-ASN",0.661882997935187,197,0.0105768598220225,0.0208590612507516,"model2_european","EUR",0.1,5,1000,0.5,0.164536155085921,0.019734847466832,0.1,0.0111111111111111,0.107493899316853,0.0120622292612676,0.00867431404166885,0.0433715702083443,0.5,1.77613627201488,0.658004802625125
"ASN-EUR",0.911286711806608,192,0.0161179992852307,0.0317921409412126,"model2_european","EUR",0.1,5,1000,0.5,0.164536155085921,0.019734847466832,0.1,0.0111111111111111,0.107493899316853,0.0120622292612676,0.00867431404166885,0.0433715702083443,0.5,1.77613627201488,0.941028687847892
"ASN-AFR",1.54690230987253,195,0.0234552717254169,0.0462600708919315,"model2_european","EUR",0.1,5,1000,0.5,0.164536155085921,0.019734847466832,0.1,0.0111111111111111,0.107493899316853,0.0120622292612676,0.00867431404166885,0.0433715702083443,0.5,1.77613627201488,1.54571309818985
"EUR-AFR",0.901099981922845,194,0.015275639320937,0.0301286273007151,"model2_european","EUR",0.1,1,1000,0.6,0.0906074643221099,0.00996501874884854,0.1,0.0111111111111111,0.0869449658903414,0.00952357821213339,0.0108978719746995,0.0108978719746995,0.6,0.896851687396369,0.906074643221099
"EUR-ASN",0.870696649659443,199,0.0161896383387047,0.0319262497637746,"model2_european","EUR",0.1,1,1000,0.6,0.0906074643221099,0.00996501874884854,0.1,0.0111111111111111,0.0869449658903414,0.00952357821213339,0.0108978719746995,0.0108978719746995,0.6,0.896851687396369,0.869449658903414
"AFR-EUR",1.13888125300363,196,0.0192925509834422,0.0380488472088477,"model2_european","EUR",0.1,1,1000,0.6,0.0906074643221099,0.00996501874884854,0.1,0.0111111111111111,0.0869449658903414,0.00952357821213339,0.0108978719746995,0.0108978719746995,0.6,0.896851687396369,1.10518862405326
"AFR-ASN",0.964877636011927,196,0.0179235888128723,0.0353489744700165,"model2_european","EUR",0.1,1,1000,0.6,0.0906074643221099,0.00996501874884854,0.1,0.0111111111111111,0.0869449658903414,0.00952357821213339,0.0108978719746995,0.0108978719746995,0.6,0.896851687396369,0.960466763943462
"ASN-EUR",1.22487142896759,200,0.0226579977459464,0.0446805869347604,"model2_european","EUR",0.1,1,1000,0.6,0.0906074643221099,0.00996501874884854,0.1,0.0111111111111111,0.0869449658903414,0.00952357821213339,0.0108978719746995,0.0108978719746995,0.6,0.896851687396369,1.15148429020172
"ASN-AFR",1.07433729747166,194,0.0204359789403955,0.0403065285900369,"model2_european","EUR",0.1,1,1000,0.6,0.0906074643221099,0.00996501874884854,0.1,0.0111111111111111,0.0869449658903414,0.00952357821213339,0.0108978719746995,0.0108978719746995,0.6,0.896851687396369,1.04285232616382
"EUR-AFR",2.79777657269643,195,0.0399247357404578,0.0787422600478264,"model2_european","EUR",0.1,10,1000,0.6,0.280349587899199,0.0392053596581772,0.1,0.0111111111111111,0.14089368555307,0.0164929326896953,0.0066960378329657,0.066960378329657,0.6,3.52848236923595,2.80349587899199
"EUR-ASN",1.38246619048273,195,0.0256714535138519,0.0506309742795617,"model2_european","EUR",0.1,10,1000,0.6,0.280349587899199,0.0392053596581772,0.1,0.0111111111111111,0.14089368555307,0.0164929326896953,0.0066960378329657,0.066960378329657,0.6,3.52848236923595,1.4089368555307
"AFR-EUR",0.364760277267016,198,0.00521740560767252,0.0102891362096094,"model2_european","EUR",0.1,10,1000,0.6,0.280349587899199,0.0392053596581772,0.1,0.0111111111111111,0.14089368555307,0.0164929326896953,0.0066960378329657,0.066960378329657,0.6,3.52848236923595,0.360921080039618
"AFR-ASN",0.495909324624444,195,0.0087525328154194,0.0172623362997114,"model2_european","EUR",0.1,10,1000,0.6,0.280349587899199,0.0392053596581772,0.1,0.0111111111111111,0.14089368555307,0.0164929326896953,0.0066960378329657,0.066960378329657,0.6,3.52848236923595,0.507887444358939
"ASN-EUR",0.737135179066516,192,0.013122219393462,0.02588307897499,"model2_european","EUR",0.1,10,1000,0.6,0.280349587899199,0.0392053596581772,0.1,0.0111111111111111,0.14089368555307,0.0164929326896953,0.0066960378329657,0.066960378329657,0.6,3.52848236923595,0.73353203792291
"ASN-AFR",2.05184222597261,192,0.0349655039804109,0.0689681275544146,"model2_european","EUR",0.1,10,1000,0.6,0.280349587899199,0.0392053596581772,0.1,0.0111111111111111,0.14089368555307,0.0164929326896953,0.0066960378329657,0.066960378329657,0.6,3.52848236923595,2.05153383041794
"EUR-AFR",1.06879540528648,195,0.0172541552274302,0.0340298101571929,"model2_european","EUR",0.1,2,1000,0.6,0.108506952161422,0.0121761876774006,0.1,0.0111111111111111,0.0915866000256821,0.0100841250517165,0.0106259363767051,0.0212518727534101,0.6,1.09585689096605,1.08506952161422
"EUR-ASN",0.903202656370667,195,0.0169028260802101,0.0333368950868808,"model2_european","EUR",0.1,2,1000,0.6,0.108506952161422,0.0121761876774006,0.1,0.0111111111111111,0.0915866000256821,0.0100841250517165,0.0106259363767051,0.0212518727534101,0.6,1.09585689096605,0.915866000256821
"AFR-EUR",0.957364758374944,196,0.0156049349709428,0.0307761159694739,"model2_european","EUR",0.1,2,1000,0.6,0.108506952161422,0.0121761876774006,0.1,0.0111111111111111,0.0915866000256821,0.0100841250517165,0.0106259363767051,0.0212518727534101,0.6,1.09585689096605,0.924212500059071
"AFR-ASN",0.856345452446053,196,0.0160284838319998,0.0316114407491608,"model2_european","EUR",0.1,2,1000,0.6,0.108506952161422,0.0121761876774006,0.1,0.0111111111111111,0.0915866000256821,0.0100841250517165,0.0106259363767051,0.0212518727534101,0.6,1.09585689096605,0.846061021685894
"ASN-EUR",1.12824088461646,191,0.0205493131605865,0.0405340993300274,"model2_european","EUR",0.1,2,1000,0.6,0.108506952161422,0.0121761876774006,0.1,0.0111111111111111,0.0915866000256821,0.0100841250517165,0.0106259363767051,0.0212518727534101,0.6,1.09585689096605,1.0938923104382
"ASN-AFR",1.21307300933438,195,0.0228849335784991,0.0451352114821724,"model2_european","EUR",0.1,2,1000,0.6,0.108506952161422,0.0121761876774006,0.1,0.0111111111111111,0.0915866000256821,0.0100841250517165,0.0106259363767051,0.0212518727534101,0.6,1.09585689096605,1.18640377934641
"EUR-AFR",1.91768101143827,197,0.0306937791723872,0.0605324671544565,"model2_european","EUR",0.1,5,1000,0.6,0.18864552190274,0.0233218032724651,0.1,0.0111111111111111,0.11165300343392,0.0125884301359976,0.00920443497475052,0.0460221748737526,0.6,2.09896229452186,1.8864552190274
"EUR-ASN",1.13228070223862,196,0.0191042535558728,0.0376774862593519,"model2_european","EUR",0.1,5,1000,0.6,0.18864552190274,0.0233218032724651,0.1,0.0111111111111111,0.11165300343392,0.0125884301359976,0.00920443497475052,0.0460221748737526,0.6,2.09896229452186,1.1165300343392
"AFR-EUR",0.539453217569397,198,0.00843212764220917,0.0166288221333448,"model2_european","EUR",0.1,5,1000,0.6,0.18864552190274,0.0233218032724651,0.1,0.0111111111111111,0.11165300343392,0.0125884301359976,0.00920443497475052,0.0460221748737526,0.6,2.09896229452186,0.535827116134026
"AFR-ASN",0.596889100287258,195,0.0100231514753306,0.0197683362289473,"model2_european","EUR",0.1,5,1000,0.6,0.18864552190274,0.0233218032724651,0.1,0.0111111111111111,0.11165300343392,0.0125884301359976,0.00920443497475052,0.0460221748737526,0.6,2.09896229452186,0.59681408002458
"ASN-EUR",0.896649704862308,190,0.015496348090352,0.0305680199870438,"model2_european","EUR",0.1,5,1000,0.6,0.18864552190274,0.0233218032724651,0.1,0.0111111111111111,0.11165300343392,0.0125884301359976,0.00920443497475052,0.0460221748737526,0.6,2.09896229452186,0.905659650470156
"ASN-AFR",1.71828976050831,195,0.028718072534193,0.0566397220575275,"model2_european","EUR",0.1,5,1000,0.6,0.18864552190274,0.0233218032724651,0.1,0.0111111111111111,0.11165300343392,0.0125884301359976,0.00920443497475052,0.0460221748737526,0.6,2.09896229452186,1.70423215621389
"EUR-AFR",0.946276957777713,193,0.0174816883626361,0.0344808207887359,"model2_european","EUR",0.1,1,1000,0.7,0.0944864229022849,0.0104365163529196,0.1,0.0111111111111111,0.0883419822403819,0.0096918750699651,0.0125437809408079,0.0125437809408079,0.7,0.939286471762763,0.944864229022849
"EUR-ASN",0.878782801994201,194,0.0155813783612578,0.0307316460944672,"model2_european","EUR",0.1,1,1000,0.7,0.0944864229022849,0.0104365163529196,0.1,0.0111111111111111,0.0883419822403819,0.0096918750699651,0.0125437809408079,0.0125437809408079,0.7,0.939286471762763,0.883419822403819
"AFR-EUR",1.07620695973571,194,0.0191865465943704,0.0378422335972078,"model2_european","EUR",0.1,1,1000,0.7,0.0944864229022849,0.0104365163529196,0.1,0.0111111111111111,0.0883419822403819,0.0096918750699651,0.0125437809408079,0.0125437809408079,0.7,0.939286471762763,1.06005200849753
"AFR-ASN",0.935161160179015,194,0.0161301821315668,0.0318140691544438,"model2_european","EUR",0.1,1,1000,0.7,0.0944864229022849,0.0104365163529196,0.1,0.0111111111111111,0.0883419822403819,0.0096918750699651,0.0125437809408079,0.0125437809408079,0.7,0.939286471762763,0.936155851158892
"ASN-EUR",1.17839578249113,198,0.0207800383024081,0.0409798778572933,"model2_european","EUR",0.1,1,1000,0.7,0.0944864229022849,0.0104365163529196,0.1,0.0111111111111111,0.0883419822403819,0.0096918750699651,0.0125437809408079,0.0125437809408079,0.7,0.939286471762763,1.13374803466342
"ASN-AFR",1.10389806393695,198,0.0198375886623423,0.0391212926817273,"model2_european","EUR",0.1,1,1000,0.7,0.0944864229022849,0.0104365163529196,0.1,0.0111111111111111,0.0883419822403819,0.0096918750699651,0.0125437809408079,0.0125437809408079,0.7,0.939286471762763,1.07086570263788
"EUR-AFR",3.0212366756163,199,0.0462726195122377,0.0912504144234024,"model2_european","EUR",0.1,10,1000,0.7,0.301481145190396,0.0433959918140273,0.1,0.0111111111111111,0.150056854120541,0.0177603730143603,0.0066416457970317,0.066416457970317,0.7,3.90563926326246,3.01481145190396
"EUR-ASN",1.51647034487761,198,0.028494623106995,0.0561936488047252,"model2_european","EUR",0.1,10,1000,0.7,0.301481145190396,0.0433959918140273,0.1,0.0111111111111111,0.150056854120541,0.0177603730143603,0.0066416457970317,0.066416457970317,0.7,3.90563926326246,1.50056854120541
"AFR-EUR",0.341112354471251,196,0.005009111430386,0.00987898985626234,"model2_european","EUR",0.1,10,1000,0.7,0.301481145190396,0.0433959918140273,0.1,0.0111111111111111,0.150056854120541,0.0177603730143603,0.0066416457970317,0.066416457970317,0.7,3.90563926326246,0.334756441599711
"AFR-ASN",0.510811018349614,199,0.00873182948770476,0.0172193203632403,"model2_european","EUR",0.1,10,1000,0.7,0.301481145190396,0.0433959918140273,0.1,0.0111111111111111,0.150056854120541,0.0177603730143603,0.0066416457970317,0.066416457970317,0.7,3.90563926326246,0.501675590234934
"ASN-EUR",0.687013811379163,194,0.01260378975727,0.0248588537733337,"model2_european","EUR",0.1,10,1000,0.7,0.301481145190396,0.0433959918140273,0.1,0.0111111111111111,0.150056854120541,0.0177603730143603,0.0066416457970317,0.066416457970317,0.7,3.90563926326246,0.687821137495638
"ASN-AFR",2.03112162137792,195,0.0338146284096095,0.0666914937386023,"model2_european","EUR",0.1,10,1000,0.7,0.301481145190396,0.0433959918140273,0.1,0.0111111111111111,0.150056854120541,0.0177603730143603,0.0066416457970317,0.066416457970317,0.7,3.90563926326246,2.07171592588853
"EUR-AFR",1.21571753940759,195,0.0181168071398511,0.0357311905159804,"model2_european","EUR",0.1,2,1000,0.7,0.120376665160406,0.01369246632707,0.1,0.0111111111111111,0.0951253060379974,0.0105159011684006,0.012072740510098,0.0241454810201959,0.7,1.2323219694363,1.20376665160406
"EUR-ASN",0.95406701625851,196,0.0161792445961838,0.0319087717390568,"model2_european","EUR",0.1,2,1000,0.7,0.120376665160406,0.01369246632707,0.1,0.0111111111111111,0.0951253060379974,0.0105159011684006,0.012072740510098,0.0241454810201959,0.7,1.2323219694363,0.951253060379973
"AFR-EUR",0.824851099201383,191,0.0119486601396386,0.0235690688625929,"model2_european","EUR",0.1,2,1000,0.7,0.120376665160406,0.01369246632707,0.1,0.0111111111111111,0.0951253060379974,0.0105159011684006,0.012072740510098,0.0241454810201959,0.7,1.2323219694363,0.833619601304843
"AFR-ASN",0.800036505065209,199,0.0138319303524185,0.0272768084071838,"model2_european","EUR",0.1,2,1000,0.7,0.120376665160406,0.01369246632707,0.1,0.0111111111111111,0.0951253060379974,0.0105159011684006,0.012072740510098,0.0241454810201959,0.7,1.2323219694363,0.792637567432137
"ASN-EUR",1.07384529967435,194,0.0177760173674405,0.0350602021232982,"model2_european","EUR",0.1,2,1000,0.7,0.120376665160406,0.01369246632707,0.1,0.0111111111111111,0.0951253060379974,0.0105159011684006,0.012072740510098,0.0241454810201959,0.7,1.2323219694363,1.05417227698945
"ASN-AFR",1.30495945575158,196,0.0224138949655447,0.0442047744557526,"model2_european","EUR",0.1,2,1000,0.7,0.120376665160406,0.01369246632707,0.1,0.0111111111111111,0.0951253060379974,0.0105159011684006,0.012072740510098,0.0241454810201959,0.7,1.2323219694363,1.26840022418046
"EUR-AFR",2.19631756788917,193,0.0355309763305055,0.0700811730473059,"model2_european","EUR",0.1,5,1000,0.7,0.219447611485696,0.0282019020409633,0.1,0.0111111111111111,0.122336194595871,0.0139715105249291,0.00983591129436591,0.0491795564718296,0.7,2.5381711836867,2.19447611485696
"EUR-ASN",1.25007956241082,190,0.0237982870222729,0.0469443838711369,"model2_european","EUR",0.1,5,1000,0.7,0.219447611485696,0.0282019020409633,0.1,0.0111111111111111,0.122336194595871,0.0139715105249291,0.00983591129436591,0.0491795564718296,0.7,2.5381711836867,1.22336194595871
"AFR-EUR",0.47018561892583,200,0.00802976044492614,0.015834338658146,"model2_european","EUR",0.1,5,1000,0.7,0.219447611485696,0.0282019020409633,0.1,0.0111111111111111,0.122336194595871,0.0139715105249291,0.00983591129436591,0.0491795564718296,0.7,2.5381711836867,0.459646911164155
"AFR-ASN",0.579399640876028,197,0.00969870225508134,0.0191272105138725,"model2_european","EUR",0.1,5,1000,0.7,0.219447611485696,0.0282019020409633,0.1,0.0111111111111111,0.122336194595871,0.0139715105249291,0.00983591129436591,0.0491795564718296,0.7,2.5381711836867,0.561113700623418
"ASN-EUR",0.822440824366876,196,0.0161669099664281,0.0318844453322816,"model2_european","EUR",0.1,5,1000,0.7,0.219447611485696,0.0282019020409633,0.1,0.0111111111111111,0.122336194595871,0.0139715105249291,0.00983591129436591,0.0491795564718296,0.7,2.5381711836867,0.82957032163589
"ASN-AFR",1.79354653557383,198,0.0294801725163927,0.0581372301317512,"model2_european","EUR",0.1,5,1000,0.7,0.219447611485696,0.0282019020409633,0.1,0.0111111111111111,0.122336194595871,0.0139715105249291,0.00983591129436591,0.0491795564718296,0.7,2.5381711836867,1.81674301604934
"EUR-AFR",1.0423508827855,193,0.0187232289850988,0.036929631156307,"model2_european","EUR",0.1,1,1000,0.8,0.101582264852931,0.011310614187291,0.1,0.0111111111111111,0.0893051460523513,0.00980820808281003,0.0152462257200725,0.0152462257200725,0.8,1.01795527685619,1.01582264852931
"EUR-ASN",0.920713004991923,198,0.0188726528707676,0.0372183630382203,"model2_european","EUR",0.1,1,1000,0.8,0.101582264852931,0.011310614187291,0.1,0.0111111111111111,0.0893051460523513,0.00980820808281003,0.0152462257200725,0.0152462257200725,0.8,1.01795527685619,0.893051460523513
"AFR-EUR",1.00323314409943,200,0.0192925999085163,0.0380441686452295,"model2_european","EUR",0.1,1,1000,0.8,0.101582264852931,0.011310614187291,0.1,0.0111111111111111,0.0893051460523513,0.00980820808281003,0.0152462257200725,0.0152462257200725,0.8,1.01795527685619,0.987056411666006
"AFR-ASN",0.885611523687027,198,0.0164105509547678,0.0323629034706514,"model2_european","EUR",0.1,1,1000,0.8,0.101582264852931,0.011310614187291,0.1,0.0111111111111111,0.0893051460523513,0.00980820808281003,0.0152462257200725,0.0152462257200725,0.8,1.01795527685619,0.881086213411131
"ASN-EUR",1.1623753538236,199,0.0225805581483646,0.0445292553278741,"model2_european","EUR",0.1,1,1000,0.8,0.101582264852931,0.011310614187291,0.1,0.0111111111111111,0.0893051460523513,0.00980820808281003,0.0152462257200725,0.0152462257200725,0.8,1.01795527685619,1.12183042966658
"ASN-AFR",1.17276338000193,194,0.0207332573833594,0.0408928602796257,"model2_european","EUR",0.1,1,1000,0.8,0.101582264852931,0.011310614187291,0.1,0.0111111111111111,0.0893051460523513,0.00980820808281003,0.0152462257200725,0.0152462257200725,0.8,1.01795527685619,1.13906448251914
"EUR-AFR",3.17761228274673,196,0.0502866233227145,0.0991754822416676,"model2_european","EUR",0.1,10,1000,0.8,0.324068653705261,0.048279268822494,0.1,0.0111111111111111,0.157556470784008,0.018830264104124,0.00660884261513249,0.0660884261513249,0.8,4.34513419402445,3.24068653705261
"EUR-ASN",1.56212956330331,197,0.0309907708119535,0.0611181766093342,"model2_european","EUR",0.1,10,1000,0.8,0.324068653705261,0.048279268822494,0.1,0.0111111111111111,0.157556470784008,0.018830264104124,0.00660884261513249,0.0660884261513249,0.8,4.34513419402445,1.57556470784008
"AFR-EUR",0.318490321125004,193,0.00475355791952633,0.00937590096173911,"model2_european","EUR",0.1,10,1000,0.8,0.324068653705261,0.048279268822494,0.1,0.0111111111111111,0.157556470784008,0.018830264104124,0.00660884261513249,0.0660884261513249,0.8,4.34513419402445,0.311771153577602
"AFR-ASN",0.498382866402753,199,0.00893775295057678,0.0176254050311205,"model2_european","EUR",0.1,10,1000,0.8,0.324068653705261,0.048279268822494,0.1,0.0111111111111111,0.157556470784008,0.018830264104124,0.00660884261513249,0.0660884261513249,0.8,4.34513419402445,0.49043639057421
"ASN-EUR",0.668519399496364,195,0.0129612652921596,0.02556308271691,"model2_european","EUR",0.1,10,1000,0.8,0.324068653705261,0.048279268822494,0.1,0.0111111111111111,0.157556470784008,0.018830264104124,0.00660884261513249,0.0660884261513249,0.8,4.34513419402445,0.656918591695231
"ASN-AFR",2.09561529115264,196,0.0373032990325124,0.0735697174775991,"model2_european","EUR",0.1,10,1000,0.8,0.324068653705261,0.048279268822494,0.1,0.0111111111111111,0.157556470784008,0.018830264104124,0.00660884261513249,0.0660884261513249,0.8,4.34513419402445,2.12550532919474
"EUR-AFR",1.44065472705155,195,0.024595822885219,0.048509542913658,"model2_european","EUR",0.1,2,1000,0.8,0.139929388401504,0.0162858010442992,0.1,0.0111111111111111,0.0986806266774113,0.0109538178225285,0.0143158786467619,0.0286317572935238,0.8,1.46572209398693,1.39929388401504
"EUR-ASN",0.992003725116204,194,0.0181274783783137,0.0357533998078506,"model2_european","EUR",0.1,2,1000,0.8,0.139929388401504,0.0162858010442992,0.1,0.0111111111111111,0.0986806266774113,0.0109538178225285,0.0143158786467619,0.0286317572935238,0.8,1.46572209398693,0.986806266774113
"AFR-EUR",0.719900873534264,198,0.0126509949558619,0.0249487619088929,"model2_european","EUR",0.1,2,1000,0.8,0.139929388401504,0.0162858010442992,0.1,0.0111111111111111,0.0986806266774113,0.0109538178225285,0.0143158786467619,0.0286317572935238,0.8,1.46572209398693,0.718450867801256
"AFR-ASN",0.702083614976499,197,0.0118578515982539,0.0233853579372676,"model2_european","EUR",0.1,2,1000,0.8,0.139929388401504,0.0162858010442992,0.1,0.0111111111111111,0.0986806266774113,0.0109538178225285,0.0143158786467619,0.0286317572935238,0.8,1.46572209398693,0.708331170601919
"ASN-EUR",1.03852871103194,195,0.0192782824871834,0.0380219306334185,"model2_european","EUR",0.1,2,1000,0.8,0.139929388401504,0.0162858010442992,0.1,0.0111111111111111,0.0986806266774113,0.0109538178225285,0.0143158786467619,0.0286317572935238,0.8,1.46572209398693,1.01743083451872
"ASN-AFR",1.44781313274379,191,0.0233898725033753,0.0461371826863254,"model2_european","EUR",0.1,2,1000,0.8,0.139929388401504,0.0162858010442992,0.1,0.0111111111111111,0.0986806266774113,0.0109538178225285,0.0143158786467619,0.0286317572935238,0.8,1.46572209398693,1.42235390996958
"EUR-AFR",2.53559436087402,197,0.037688417986509,0.0743268826904234,"model2_european","EUR",0.1,5,1000,0.8,0.252883228980071,0.0340044095713857,0.1,0.0111111111111111,0.134358153558662,0.0155727779079675,0.0106434429538094,0.0532172147690471,0.8,3.06039686142471,2.52883228980071
"EUR-ASN",1.34789093207555,196,0.0264399401087074,0.0521449569976877,"model2_european","EUR",0.1,5,1000,0.8,0.252883228980071,0.0340044095713857,0.1,0.0111111111111111,0.134358153558662,0.0155727779079675,0.0106434429538094,0.0532172147690471,0.8,3.06039686142471,1.34358153558662
"AFR-EUR",0.401813293864545,195,0.00575867969012573,0.0113576569833751,"model2_european","EUR",0.1,5,1000,0.8,0.252883228980071,0.0340044095713857,0.1,0.0111111111111111,0.134358153558662,0.0155727779079675,0.0106434429538094,0.0532172147690471,0.8,3.06039686142471,0.399522303220536
"AFR-ASN",0.533094709381116,196,0.00864970803149617,0.0170589892220059,"model2_european","EUR",0.1,5,1000,0.8,0.252883228980071,0.0340044095713857,0.1,0.0111111111111111,0.134358153558662,0.0155727779079675,0.0106434429538094,0.0532172147690471,0.8,3.06039686142471,0.535723240767055
"ASN-EUR",0.784647653350397,198,0.0155248343176763,0.0306162002607744,"model2_european","EUR",0.1,5,1000,0.8,0.252883228980071,0.0340044095713857,0.1,0.0111111111111111,0.134358153558662,0.0155727779079675,0.0106434429538094,0.0532172147690471,0.8,3.06039686142471,0.757938318901486
"ASN-AFR",1.93868373204631,197,0.0319225429245521,0.0629557628017852,"model2_european","EUR",0.1,5,1000,0.8,0.252883228980071,0.0340044095713857,0.1,0.0111111111111111,0.134358153558662,0.0155727779079675,0.0106434429538094,0.0532172147690471,0.8,3.06039686142471,1.91259030958822
"EUR-AFR",1.20111591335368,197,0.0197847751029777,0.0390183705418952,"model2_european","EUR",0.1,1,1000,0.9,0.118914550080131,0.0135074714080569,0.1,0.0111111111111111,0.094449500165711,0.0104365731411191,0.0209083801824691,0.0209083801824691,0.9,1.21567242672512,1.18914550080131
"EUR-ASN",0.930222702045987,190,0.0150140349629257,0.0296166114852976,"model2_european","EUR",0.1,1,1000,0.9,0.118914550080131,0.0135074714080569,0.1,0.0111111111111111,0.094449500165711,0.0104365731411191,0.0209083801824691,0.0209083801824691,0.9,1.21567242672512,0.94449500165711
"AFR-EUR",0.871255498537118,200,0.014914847972247,0.0294114320653925,"model2_european","EUR",0.1,1,1000,0.9,0.118914550080131,0.0135074714080569,0.1,0.0111111111111111,0.094449500165711,0.0104365731411191,0.0209083801824691,0.0209083801824691,0.9,1.21567242672512,0.845402586251476
"AFR-ASN",0.809558055983272,198,0.0133886386348588,0.0264034535426418,"model2_european","EUR",0.1,1,1000,0.9,0.118914550080131,0.0135074714080569,0.1,0.0111111111111111,0.094449500165711,0.0104365731411191,0.0209083801824691,0.0209083801824691,0.9,1.21567242672512,0.79722714119364
"ASN-EUR",1.07683785744059,193,0.0179696869572799,0.0354433475045783,"model2_european","EUR",0.1,1,1000,0.9,0.118914550080131,0.0135074714080569,0.1,0.0111111111111111,0.094449500165711,0.0104365731411191,0.0209083801824691,0.0209083801824691,0.9,1.21567242672512,1.06462531686444
"ASN-AFR",1.25733842669626,191,0.020230781131799,0.0399057859263741,"model2_european","EUR",0.1,1,1000,0.9,0.118914550080131,0.0135074714080569,0.1,0.0111111111111111,0.094449500165711,0.0104365731411191,0.0209083801824691,0.0209083801824691,0.9,1.21567242672512,1.26409401580124
"EUR-AFR",3.44876560144007,195,0.0448160159834358,0.0883891732638124,"model2_european","EUR",0.1,10,1000,0.9,0.341321882618245,0.0521289358945477,0.1,0.0111111111111111,0.164719328649699,0.0198601061070559,0.00658557522962754,0.0658557522962754,0.9,4.6916042305093,3.41321882618245
"EUR-ASN",1.68979574220974,199,0.0318065100743111,0.0627229937755182,"model2_european","EUR",0.1,10,1000,0.9,0.341321882618245,0.0521289358945477,0.1,0.0111111111111111,0.164719328649699,0.0198601061070559,0.00658557522962754,0.0658557522962754,0.9,4.6916042305093,1.64719328649699
"AFR-EUR",0.294843949301045,198,0.00393353807799365,0.00775724797218065,"model2_european","EUR",0.1,10,1000,0.9,0.341321882618245,0.0521289358945477,0.1,0.0111111111111111,0.164719328649699,0.0198601061070559,0.00658557522962754,0.0658557522962754,0.9,4.6916042305093,0.295233849528107
"AFR-ASN",0.48553766830934,198,0.00786972958095796,0.0155197287081137,"model2_european","EUR",0.1,10,1000,0.9,0.341321882618245,0.0521289358945477,0.1,0.0111111111111111,0.164719328649699,0.0198601061070559,0.00658557522962754,0.0658557522962754,0.9,4.6916042305093,0.485959478585086
"ASN-EUR",0.6245809477724,196,0.0119998231345817,0.0236660998005268,"model2_european","EUR",0.1,10,1000,0.9,0.341321882618245,0.0521289358945477,0.1,0.0111111111111111,0.164719328649699,0.0198601061070559,0.00658557522962754,0.0658557522962754,0.9,4.6916042305093,0.626113893463503
"ASN-AFR",2.12745481464077,196,0.0333758210198121,0.0658239294296838,"model2_european","EUR",0.1,10,1000,0.9,0.341321882618245,0.0521289358945477,0.1,0.0111111111111111,0.164719328649699,0.0198601061070559,0.00658557522962754,0.0658557522962754,0.9,4.6916042305093,2.13365810080402
"EUR-AFR",1.87789223613016,197,0.0292511966206603,0.0576874906385456,"model2_european","EUR",0.1,2,1000,0.9,0.184632354033265,0.0226887117779635,0.1,0.0111111111111111,0.113563879485412,0.0128320864997049,0.0184876392134892,0.0369752784269783,0.9,2.04198406001671,1.84632354033265
"EUR-ASN",1.18033695243357,196,0.0202424019491515,0.0399221471315208,"model2_european","EUR",0.1,2,1000,0.9,0.184632354033265,0.0226887117779635,0.1,0.0111111111111111,0.113563879485412,0.0128320864997049,0.0184876392134892,0.0369752784269783,0.9,2.04198406001671,1.13563879485412
"AFR-EUR",0.550907907365086,198,0.00870579786885943,0.0171685214494912,"model2_european","EUR",0.1,2,1000,0.9,0.184632354033265,0.0226887117779635,0.1,0.0111111111111111,0.113563879485412,0.0128320864997049,0.0184876392134892,0.0369752784269783,0.9,2.04198406001671,0.545625018563611
"AFR-ASN",0.637394182193246,197,0.0102892086149428,0.020291772447809,"model2_european","EUR",0.1,2,1000,0.9,0.184632354033265,0.0226887117779635,0.1,0.0111111111111111,0.113563879485412,0.0128320864997049,0.0184876392134892,0.0369752784269783,0.9,2.04198406001671,0.618443609815885
"ASN-EUR",0.858187461976386,191,0.0142180102436355,0.0280454258975545,"model2_european","EUR",0.1,2,1000,0.9,0.184632354033265,0.0226887117779635,0.1,0.0111111111111111,0.113563879485412,0.0128320864997049,0.0184876392134892,0.0369752784269783,0.9,2.04198406001671,0.890566936356295
"ASN-AFR",1.61626142234594,196,0.0263927224495948,0.0520518341390943,"model2_european","EUR",0.1,2,1000,0.9,0.184632354033265,0.0226887117779635,0.1,0.0111111111111111,0.113563879485412,0.0128320864997049,0.0184876392134892,0.0369752784269783,0.9,2.04198406001671,1.64118566114917
"EUR-AFR",2.96968730567728,195,0.0426082809750188,0.0840349291861666,"model2_european","EUR",0.1,5,1000,0.9,0.300512437930393,0.043195753027042,0.1,0.0111111111111111,0.149492555443042,0.0176517065485622,0.0116662720736192,0.058331360368096,0.9,3.88761777243378,3.00512437930393
"EUR-ASN",1.47005922398653,196,0.0250083338222433,0.0493215372797017,"model2_european","EUR",0.1,5,1000,0.9,0.300512437930393,0.043195753027042,0.1,0.0111111111111111,0.149492555443042,0.0176517065485622,0.0116662720736192,0.058331360368096,0.9,3.88761777243378,1.49492555443042
"AFR-EUR",0.344586965834183,198,0.00511471196501628,0.0100866162300246,"model2_european","EUR",0.1,5,1000,0.9,0.300512437930393,0.043195753027042,0.1,0.0111111111111111,0.149492555443042,0.0176517065485622,0.0116662720736192,0.058331360368096,0.9,3.88761777243378,0.33583374863847
"AFR-ASN",0.495399476308414,191,0.00697173746417482,0.0137519486255992,"model2_european","EUR",0.1,5,1000,0.9,0.300512437930393,0.043195753027042,0.1,0.0111111111111111,0.149492555443042,0.0176517065485622,0.0116662720736192,0.058331360368096,0.9,3.88761777243378,0.501097318986067
"ASN-EUR",0.691811502532473,192,0.0112603819973905,0.0222106754801117,"model2_european","EUR",0.1,5,1000,0.9,0.300512437930393,0.043195753027042,0.1,0.0111111111111111,0.149492555443042,0.0176517065485622,0.0116662720736192,0.058331360368096,0.9,3.88761777243378,0.683504119651852
"ASN-AFR",1.98330603580306,184,0.0257744542356216,0.0508533053130158,"model2_european","EUR",0.1,5,1000,0.9,0.300512437930393,0.043195753027042,0.1,0.0111111111111111,0.149492555443042,0.0176517065485622,0.0116662720736192,0.058331360368096,0.9,3.88761777243378,2.05040609026758
"EUR-AFR",1.36641836068738,199,0.0216679595056426,0.0427295948541767,"model3_african","EUR",0.1,1,1000,0.1,0.136350257934272,0.0157908557097236,0.1,0.0111111111111111,0.0918900938051987,0.010119890924806,0.0101170033580425,0.0101170033580425,0.1,1.42117701387512,1.36350257934272
"EUR-ASN",0.89002160686012,195,0.0173804289274108,0.0342788556758837,"model3_african","EUR",0.1,1,1000,0.1,0.136350257934272,0.0157908557097236,0.1,0.0111111111111111,0.0918900938051987,0.010119890924806,0.0101170033580425,0.0101170033580425,0.1,1.42117701387512,0.918900938051987
"AFR-EUR",0.764176025236968,199,0.0120987738267498,0.0238589934467392,"model3_african","EUR",0.1,1,1000,0.1,0.136350257934272,0.0157908557097236,0.1,0.0111111111111111,0.0918900938051987,0.010119890924806,0.0101170033580425,0.0101170033580425,0.1,1.42117701387512,0.734206790795872
"AFR-ASN",0.666483679019895,197,0.0117913852165355,0.0232542768460261,"model3_african","EUR",0.1,1,1000,0.1,0.136350257934272,0.0157908557097236,0.1,0.0111111111111111,0.0918900938051987,0.010119890924806,0.0101170033580425,0.0101170033580425,0.1,1.42117701387512,0.674436308319638
"ASN-EUR",1.19169132287194,199,0.024830540989472,0.0489662608153697,"model3_african","EUR",0.1,1,1000,0.1,0.136350257934272,0.0157908557097236,0.1,0.0111111111111111,0.0918900938051987,0.010119890924806,0.0101170033580425,0.0101170033580425,0.1,1.42117701387512,1.08927844558672
"ASN-AFR",1.56470410415605,197,0.0273621741115601,0.0539620714797015,"model3_african","EUR",0.1,1,1000,0.1,0.136350257934272,0.0157908557097236,0.1,0.0111111111111111,0.0918900938051987,0.010119890924806,0.0101170033580425,0.0101170033580425,0.1,1.42117701387512,1.48473474510152
"EUR-AFR",1.19539287950364,197,0.0249766457893702,0.0492574727400685,"model3_african","EUR",0.1,10,1000,0.1,0.117175605653341,0.0133388977137124,0.1,0.0111111111111111,0.095215782964425,0.0105700062306333,0.00853473440948073,0.0853473440948073,0.1,1.20050079423411,1.17175605653341
"EUR-ASN",0.950422831573169,194,0.0176749053382625,0.0348607756653464,"model3_african","EUR",0.1,10,1000,0.1,0.117175605653341,0.0133388977137124,0.1,0.0111111111111111,0.095215782964425,0.0105700062306333,0.00853473440948073,0.0853473440948073,0.1,1.20050079423411,0.952157829644249
"AFR-EUR",0.875275186121404,193,0.0179296536864581,0.0353643860216735,"model3_african","EUR",0.1,10,1000,0.1,0.117175605653341,0.0133388977137124,0.1,0.0111111111111111,0.095215782964425,0.0105700062306333,0.00853473440948073,0.0853473440948073,0.1,1.20050079423411,0.883891836775573
"AFR-ASN",0.827762386550574,193,0.0182892629521749,0.0360736780756178,"model3_african","EUR",0.1,10,1000,0.1,0.117175605653341,0.0133388977137124,0.1,0.0111111111111111,0.095215782964425,0.0105700062306333,0.00853473440948073,0.0853473440948073,0.1,1.20050079423411,0.834235483813157
"ASN-EUR",1.05850098875,189,0.019078325449958,0.0376351008482408,"model3_african","EUR",0.1,10,1000,0.1,0.117175605653341,0.0133388977137124,0.1,0.0111111111111111,0.095215782964425,0.0105700062306333,0.00853473440948073,0.0853473440948073,0.1,1.20050079423411,1.09084730316114
"ASN-AFR",1.26501462043731,194,0.0282519587161704,0.0557222330791767,"model3_african","EUR",0.1,10,1000,0.1,0.117175605653341,0.0133388977137124,0.1,0.0111111111111111,0.095215782964425,0.0105700062306333,0.00853473440948073,0.0853473440948073,0.1,1.20050079423411,1.26635497773837
"EUR-AFR",1.35120559330496,193,0.0200339341031589,0.0395148613323182,"model3_african","EUR",0.1,2,1000,0.1,0.134706517815287,0.0155711925388906,0.1,0.0111111111111111,0.0919469412587137,0.0101268255441766,0.0100452556278547,0.0200905112557093,0.1,1.40140732850016,1.34706517815287
"EUR-ASN",0.958138142317414,196,0.0161608425570817,0.031872479162988,"model3_african","EUR",0.1,2,1000,0.1,0.134706517815287,0.0155711925388906,0.1,0.0111111111111111,0.0919469412587137,0.0101268255441766,0.0100452556278547,0.0200905112557093,0.1,1.40140732850016,0.919469412587137
"AFR-EUR",0.755428350709976,198,0.0119824232513576,0.0236302856678622,"model3_african","EUR",0.1,2,1000,0.1,0.134706517815287,0.0155711925388906,0.1,0.0111111111111111,0.0919469412587137,0.0101268255441766,0.0100452556278547,0.0200905112557093,0.1,1.40140732850016,0.743281872130768
"AFR-ASN",0.701976018176679,193,0.0110672274505739,0.0218289605921034,"model3_african","EUR",0.1,2,1000,0.1,0.134706517815287,0.0155711925388906,0.1,0.0111111111111111,0.0919469412587137,0.0101268255441766,0.0100452556278547,0.0200905112557093,0.1,1.40140732850016,0.683267914428961
"ASN-EUR",1.07843016361861,196,0.0189164803802767,0.0373071592417218,"model3_african","EUR",0.1,2,1000,0.1,0.134706517815287,0.0155711925388906,0.1,0.0111111111111111,0.0919469412587137,0.0101268255441766,0.0100452556278547,0.0200905112557093,0.1,1.40140732850016,1.08864483177105
"ASN-AFR",1.43228050152971,193,0.0231490584049698,0.0456591215752219,"model3_african","EUR",0.1,2,1000,0.1,0.134706517815287,0.0155711925388906,0.1,0.0111111111111111,0.0919469412587137,0.0101268255441766,0.0100452556278547,0.0200905112557093,0.1,1.40140732850016,1.46614688753648
"EUR-AFR",1.33121925156098,194,0.0211549502150257,0.0417245784089773,"model3_african","EUR",0.1,5,1000,0.1,0.13056363783683,0.0150274228138636,0.1,0.0111111111111111,0.0931947867280247,0.0102841000166465,0.00967020292272505,0.0483510146136253,0.1,1.35246805324773,1.3056363783683
"EUR-ASN",0.929596617324165,192,0.0166235394688322,0.0327892997376665,"model3_african","EUR",0.1,5,1000,0.1,0.13056363783683,0.0150274228138636,0.1,0.0111111111111111,0.0931947867280247,0.0102841000166465,0.00967020292272505,0.0483510146136253,0.1,1.35246805324773,0.931947867280247
"AFR-EUR",0.761092995763488,194,0.0119514075634955,0.0235721397078271,"model3_african","EUR",0.1,5,1000,0.1,0.13056363783683,0.0150274228138636,0.1,0.0111111111111111,0.0931947867280247,0.0102841000166465,0.00967020292272505,0.0483510146136253,0.1,1.35246805324773,0.769041250544774
"AFR-ASN",0.722738432391577,199,0.0133352691492727,0.0262973838340171,"model3_african","EUR",0.1,5,1000,0.1,0.13056363783683,0.0150274228138636,0.1,0.0111111111111111,0.0931947867280247,0.0102841000166465,0.00967020292272505,0.0483510146136253,0.1,1.35246805324773,0.71571859407975
"ASN-EUR",1.10880569308291,198,0.0202075732125195,0.0398509314559539,"model3_african","EUR",0.1,5,1000,0.1,0.13056363783683,0.0150274228138636,0.1,0.0111111111111111,0.0931947867280247,0.0102841000166465,0.00967020292272505,0.0483510146136253,0.1,1.35246805324773,1.07915838504873
"ASN-AFR",1.44517883534385,195,0.0256959087151021,0.0506792064789902,"model3_african","EUR",0.1,5,1000,0.1,0.13056363783683,0.0150274228138636,0.1,0.0111111111111111,0.0931947867280247,0.0102841000166465,0.00967020292272505,0.0483510146136253,0.1,1.35246805324773,1.40698205192513
"EUR-AFR",1.334357205646,196,0.0190089893949971,0.0374896058953321,"model3_african","EUR",0.1,1,1000,0.2,0.135330134306896,0.0156544733642866,0.1,0.0111111111111111,0.0921591231311361,0.0101525070535869,0.0106888546953235,0.0106888546953235,0.2,1.40890260278579,1.35330134306896
"EUR-ASN",0.955101395868614,199,0.0166363642912211,0.03280720114994,"model3_african","EUR",0.1,1,1000,0.2,0.135330134306896,0.0156544733642866,0.1,0.0111111111111111,0.0921591231311361,0.0101525070535869,0.0106888546953235,0.0106888546953235,0.2,1.40890260278579,0.921591231311361
"AFR-EUR",0.764537216936564,197,0.0109877364143003,0.0216693679153986,"model3_african","EUR",0.1,1,1000,0.2,0.135330134306896,0.0156544733642866,0.1,0.0111111111111111,0.0921591231311361,0.0101525070535869,0.0106888546953235,0.0106888546953235,0.2,1.40890260278579,0.73981049079789
"AFR-ASN",0.716518928618222,198,0.0119143831890909,0.0234961052876092,"model3_african","EUR",0.1,1,1000,0.2,0.135330134306896,0.0156544733642866,0.1,0.0111111111111111,0.0921591231311361,0.0101525070535869,0.0106888546953235,0.0106888546953235,0.2,1.40890260278579,0.681641167363524
"ASN-EUR",1.08748224757057,195,0.0182780572595558,0.0360492188916991,"model3_african","EUR",0.1,1,1000,0.2,0.135330134306896,0.0156544733642866,0.1,0.0111111111111111,0.0921591231311361,0.0101525070535869,0.0106888546953235,0.0106888546953235,0.2,1.40890260278579,1.08609221830113
"ASN-AFR",1.44164906338103,195,0.0235387055962527,0.0464246248064985,"model3_african","EUR",0.1,1,1000,0.2,0.135330134306896,0.0156544733642866,0.1,0.0111111111111111,0.0921591231311361,0.0101525070535869,0.0106888546953235,0.0106888546953235,0.2,1.40890260278579,1.46945553407522
"EUR-AFR",1.04326634828042,197,0.0245654181615423,0.0484464737837428,"model3_african","EUR",0.1,10,1000,0.2,0.102809253977418,0.0115389023601435,0.1,0.0111111111111111,0.0942314562745391,0.0104639929839765,0.00769776508286106,0.0769776508286106,0.2,1.03850121241291,1.02809253977418
"EUR-ASN",0.964300292120922,197,0.0239994459424985,0.0473302966402511,"model3_african","EUR",0.1,10,1000,0.2,0.102809253977418,0.0115389023601435,0.1,0.0111111111111111,0.0942314562745391,0.0104639929839765,0.00769776508286106,0.0769776508286106,0.2,1.03850121241291,0.942314562745391
"AFR-EUR",1.03648033375737,196,0.0242997100461568,0.047923986597679,"model3_african","EUR",0.1,10,1000,0.2,0.102809253977418,0.0115389023601435,0.1,0.0111111111111111,0.0942314562745391,0.0104639929839765,0.00769776508286106,0.0769776508286106,0.2,1.03850121241291,1.02563859085491
"AFR-ASN",0.967298630842891,196,0.0251818668493727,0.0496637798188352,"model3_african","EUR",0.1,10,1000,0.2,0.102809253977418,0.0115389023601435,0.1,0.0111111111111111,0.0942314562745391,0.0104639929839765,0.00769776508286106,0.0769776508286106,0.2,1.03850121241291,0.948745372634746
"ASN-EUR",1.11904056985411,193,0.0280326318041133,0.0552914646127747,"model3_african","EUR",0.1,10,1000,0.2,0.102809253977418,0.0115389023601435,0.1,0.0111111111111111,0.0942314562745391,0.0104639929839765,0.00769776508286106,0.0769776508286106,0.2,1.03850121241291,1.11744669952806
"ASN-AFR",1.10245660983761,190,0.0272510252674675,0.053755238343027,"model3_african","EUR",0.1,10,1000,0.2,0.102809253977418,0.0115389023601435,0.1,0.0111111111111111,0.0942314562745391,0.0104639929839765,0.00769776508286106,0.0769776508286106,0.2,1.03850121241291,1.12670328861462
"EUR-AFR",1.33368903140903,197,0.0201565866804169,0.0397516354804541,"model3_african","EUR",0.1,2,1000,0.2,0.133511532113305,0.0154114465295546,0.1,0.0111111111111111,0.0919528437670932,0.0101277609922465,0.0105454609053035,0.021090921810607,0.2,1.38703018765991,1.33511532113305
"EUR-ASN",0.902915860825593,195,0.0145022302310627,0.028602277834756,"model3_african","EUR",0.1,2,1000,0.2,0.133511532113305,0.0154114465295546,0.1,0.0111111111111111,0.0919528437670932,0.0101277609922465,0.0105454609053035,0.021090921810607,0.2,1.38703018765991,0.919528437670932
"AFR-EUR",0.768860906678807,196,0.0116635360704975,0.0230028730903509,"model3_african","EUR",0.1,2,1000,0.2,0.133511532113305,0.0154114465295546,0.1,0.0111111111111111,0.0919528437670932,0.0101277609922465,0.0105454609053035,0.021090921810607,0.2,1.38703018765991,0.749849779943125
"AFR-ASN",0.693803478574717,198,0.0114158584831537,0.0225129751672099,"model3_african","EUR",0.1,2,1000,0.2,0.133511532113305,0.0154114465295546,0.1,0.0111111111111111,0.0919528437670932,0.0101277609922465,0.0105454609053035,0.021090921810607,0.2,1.38703018765991,0.689251360618192
"ASN-EUR",1.13502203748393,196,0.0185194519930646,0.0365241382479934,"model3_african","EUR",0.1,2,1000,0.2,0.133511532113305,0.0154114465295546,0.1,0.0111111111111111,0.0919528437670932,0.0101277609922465,0.0105454609053035,0.021090921810607,0.2,1.38703018765991,1.08878075133283
"ASN-AFR",1.50034810473633,198,0.0245453535550065,0.0484053771225089,"model3_african","EUR",0.1,2,1000,0.2,0.133511532113305,0.0154114465295546,0.1,0.0111111111111111,0.0919528437670932,0.0101277609922465,0.0105454609053035,0.021090921810607,0.2,1.38703018765991,1.45311120872329
"EUR-AFR",1.30756231121178,196,0.0231248471820442,0.0456069172973912,"model3_african","EUR",0.1,5,1000,0.2,0.123920395950081,0.0141630698340397,0.1,0.0111111111111111,0.0930251906833799,0.0102675135303961,0.00971168799741852,0.0485584399870926,0.2,1.27467628506358,1.23920395950081
"EUR-ASN",0.964299614276334,194,0.017454578691465,0.034426218440846,"model3_african","EUR",0.1,5,1000,0.2,0.123920395950081,0.0141630698340397,0.1,0.0111111111111111,0.0930251906833799,0.0102675135303961,0.00971168799741852,0.0485584399870926,0.2,1.27467628506358,0.930251906833799
"AFR-EUR",0.797914251852477,198,0.0142452653277487,0.028092789083465,"model3_african","EUR",0.1,5,1000,0.2,0.123920395950081,0.0141630698340397,0.1,0.0111111111111111,0.0930251906833799,0.0102675135303961,0.00971168799741852,0.0485584399870926,0.2,1.27467628506358,0.81374804604041
"AFR-ASN",0.760022266310916,198,0.0134498859748088,0.0265242381376319,"model3_african","EUR",0.1,5,1000,0.2,0.123920395950081,0.0141630698340397,0.1,0.0111111111111111,0.0930251906833799,0.0102675135303961,0.00971168799741852,0.0485584399870926,0.2,1.27467628506358,0.754717844076426
"ASN-EUR",1.06817622092143,196,0.0193758495301738,0.0382131289401765,"model3_african","EUR",0.1,5,1000,0.2,0.123920395950081,0.0141630698340397,0.1,0.0111111111111111,0.0930251906833799,0.0102675135303961,0.00971168799741852,0.0485584399870926,0.2,1.27467628506358,1.08477096218138
"ASN-AFR",1.38574666142763,199,0.024517035750845,0.0483480230054041,"model3_african","EUR",0.1,5,1000,0.2,0.123920395950081,0.0141630698340397,0.1,0.0111111111111111,0.0930251906833799,0.0102675135303961,0.00971168799741852,0.0485584399870926,0.2,1.27467628506358,1.34039179989489
"EUR-AFR",1.33947557643699,191,0.0205808840398885,0.0405963737791813,"model3_african","EUR",0.1,1,1000,0.3,0.134653576700157,0.015564338421891,0.1,0.0111111111111111,0.0919595498081511,0.0101284392320594,0.0113695997103461,0.0113695997103461,0.3,1.40079045797019,1.34653576700157
"EUR-ASN",0.934700001493098,196,0.0170122240609746,0.0335515772141405,"model3_african","EUR",0.1,1,1000,0.3,0.134653576700157,0.015564338421891,0.1,0.0111111111111111,0.0919595498081511,0.0101284392320594,0.0113695997103461,0.0113695997103461,0.3,1.40079045797019,0.919595498081511
"AFR-EUR",0.74917576484869,194,0.0114411764994421,0.0225657948182195,"model3_african","EUR",0.1,1,1000,0.3,0.134653576700157,0.015564338421891,0.1,0.0111111111111111,0.0919595498081511,0.0101284392320594,0.0113695997103461,0.0113695997103461,0.3,1.40079045797019,0.743623558499166
"AFR-ASN",0.688457325836424,195,0.0102433771948002,0.0202026802652966,"model3_african","EUR",0.1,1,1000,0.3,0.134653576700157,0.015564338421891,0.1,0.0111111111111111,0.0919595498081511,0.0101284392320594,0.0113695997103461,0.0113695997103461,0.3,1.40079045797019,0.683636221919047
"ASN-EUR",1.11796286013415,198,0.0199291616100898,0.0393018817720414,"model3_african","EUR",0.1,1,1000,0.3,0.134653576700157,0.015564338421891,0.1,0.0111111111111111,0.0919595498081511,0.0101284392320594,0.0113695997103461,0.0113695997103461,0.3,1.40079045797019,1.0885852948002
"ASN-AFR",1.48352953413059,197,0.0224615367217517,0.0442973224708423,"model3_african","EUR",0.1,1,1000,0.3,0.134653576700157,0.015564338421891,0.1,0.0111111111111111,0.0919595498081511,0.0101284392320594,0.0113695997103461,0.0113695997103461,0.3,1.40079045797019,1.465391746077
"EUR-AFR",0.914748191398068,195,0.020466038403618,0.0403645030640348,"model3_african","EUR",0.1,10,1000,0.3,0.0921402004368388,0.010222478210883,0.1,0.0111111111111111,0.0964568094149141,0.0107416637841854,0.00704506551967592,0.0704506551967592,0.3,0.920023038979469,0.921402004368388
"EUR-ASN",0.988071653792069,196,0.0218351218624021,0.0430633157969695,"model3_african","EUR",0.1,10,1000,0.3,0.0921402004368388,0.010222478210883,0.1,0.0111111111111111,0.0964568094149141,0.0107416637841854,0.00704506551967592,0.0704506551967592,0.3,0.920023038979469,0.964568094149141
"AFR-EUR",1.14403167912303,193,0.0241299849746582,0.0475938976995134,"model3_african","EUR",0.1,10,1000,0.3,0.0921402004368388,0.010222478210883,0.1,0.0111111111111111,0.0964568094149141,0.0107416637841854,0.00704506551967592,0.0704506551967592,0.3,0.920023038979469,1.14875720290175
"AFR-ASN",1.12339879106879,195,0.0285439506196773,0.0562963070588171,"model3_african","EUR",0.1,10,1000,0.3,0.0921402004368388,0.010222478210883,0.1,0.0111111111111111,0.0964568094149141,0.0107416637841854,0.00704506551967592,0.0704506551967592,0.3,0.920023038979469,1.09185758437158
"ASN-EUR",1.04600361520669,190,0.0223484656982254,0.0440844734617472,"model3_african","EUR",0.1,10,1000,0.3,0.0921402004368388,0.010222478210883,0.1,0.0111111111111111,0.0964568094149141,0.0107416637841854,0.00704506551967592,0.0704506551967592,0.3,0.920023038979469,1.09403053909734
"ASN-AFR",0.92746548819107,188,0.0226777197855351,0.0447370415878762,"model3_african","EUR",0.1,10,1000,0.3,0.0921402004368388,0.010222478210883,0.1,0.0111111111111111,0.0964568094149141,0.0107416637841854,0.00704506551967592,0.0704506551967592,0.3,0.920023038979469,0.994464431361937
"EUR-AFR",1.34710097507074,196,0.020856107997668,0.041132500686693,"model3_african","EUR",0.1,2,1000,0.3,0.131560425990493,0.0151538139177652,0.1,0.0111111111111111,0.0922689892262629,0.0101665618404168,0.0110782581856949,0.0221565163713897,0.3,1.36384325259887,1.31560425990493
"EUR-ASN",0.972458024639956,197,0.0196397325570063,0.0387323261580902,"model3_african","EUR",0.1,2,1000,0.3,0.131560425990493,0.0151538139177652,0.1,0.0111111111111111,0.0922689892262629,0.0101665618404168,0.0110782581856949,0.0221565163713897,0.3,1.36384325259887,0.922689892262629
"AFR-EUR",0.767283977405186,199,0.0120283279794446,0.0237200730046123,"model3_african","EUR",0.1,2,1000,0.3,0.131560425990493,0.0151538139177652,0.1,0.0111111111111111,0.0922689892262629,0.0101665618404168,0.0110782581856949,0.0221565163713897,0.3,1.36384325259887,0.761479339572069
"AFR-ASN",0.72632219770623,198,0.0127103950467636,0.0250659035827646,"model3_african","EUR",0.1,2,1000,0.3,0.131560425990493,0.0151538139177652,0.1,0.0111111111111111,0.0922689892262629,0.0101665618404168,0.0110782581856949,0.0221565163713897,0.3,1.36384325259887,0.702292863774532
"ASN-EUR",1.10134701194992,200,0.02181080800837,0.0430099655875237,"model3_african","EUR",0.1,2,1000,0.3,0.131560425990493,0.0151538139177652,0.1,0.0111111111111111,0.0922689892262629,0.0101665618404168,0.0110782581856949,0.0221565163713897,0.3,1.36384325259887,1.08545426926078
"ASN-AFR",1.42951212825845,195,0.0249878456770197,0.0492827167379588,"model3_african","EUR",0.1,2,1000,0.3,0.131560425990493,0.0151538139177652,0.1,0.0111111111111111,0.0922689892262629,0.0101665618404168,0.0110782581856949,0.0221565163713897,0.3,1.36384325259887,1.42740285545807
"EUR-AFR",1.14641076686766,199,0.0233868086359951,0.0461191953809956,"model3_african","EUR",0.1,5,1000,0.3,0.113504972258767,0.0128240050869907,0.1,0.0111111111111111,0.0939549116708214,0.0103875153428404,0.00955419900685079,0.0477709950342539,0.3,1.15416045782916,1.13504972258767
"EUR-ASN",0.957714794444045,196,0.0172501259717669,0.0340207683264097,"model3_african","EUR",0.1,5,1000,0.3,0.113504972258767,0.0128240050869907,0.1,0.0111111111111111,0.0939549116708214,0.0103875153428404,0.00955419900685079,0.0477709950342539,0.3,1.15416045782916,0.939549116708214
"AFR-EUR",0.895947212987542,188,0.0164561084032947,0.0324634757363205,"model3_african","EUR",0.1,5,1000,0.3,0.113504972258767,0.0128240050869907,0.1,0.0111111111111111,0.0939549116708214,0.0103875153428404,0.00955419900685079,0.0477709950342539,0.3,1.15416045782916,0.890544250598171
"AFR-ASN",0.855765475800517,192,0.0163450046227578,0.0322399003409591,"model3_african","EUR",0.1,5,1000,0.3,0.113504972258767,0.0128240050869907,0.1,0.0111111111111111,0.0939549116708214,0.0103875153428404,0.00955419900685079,0.0477709950342539,0.3,1.15416045782916,0.834076491540891
"ASN-EUR",1.08892939572994,197,0.0196714240619689,0.0387948262814034,"model3_african","EUR",0.1,5,1000,0.3,0.113504972258767,0.0128240050869907,0.1,0.0111111111111111,0.0939549116708214,0.0103875153428404,0.00955419900685079,0.0477709950342539,0.3,1.15416045782916,1.08010681009699
"ASN-AFR",1.21213642074778,198,0.0238059636114425,0.0469472417170197,"model3_african","EUR",0.1,5,1000,0.3,0.113504972258767,0.0128240050869907,0.1,0.0111111111111111,0.0939549116708214,0.0103875153428404,0.00955419900685079,0.0477709950342539,0.3,1.15416045782916,1.22214786291365
"EUR-AFR",1.36064384792312,194,0.0218478423805047,0.0430911915748622,"model3_african","EUR",0.1,1,1000,0.4,0.135041563327753,0.015617273314971,0.1,0.0111111111111111,0.092208154830106,0.0101590549634917,0.0122945904993673,0.0122945904993673,0.4,1.40555459834739,1.35041563327753
"EUR-ASN",0.931123813914695,195,0.0154741708504611,0.0305192047619933,"model3_african","EUR",0.1,1,1000,0.4,0.135041563327753,0.015617273314971,0.1,0.0111111111111111,0.092208154830106,0.0101590549634917,0.0122945904993673,0.0122945904993673,0.4,1.40555459834739,0.92208154830106
"AFR-EUR",0.754933682308118,197,0.0126480417651767,0.024943724538408,"model3_african","EUR",0.1,1,1000,0.4,0.135041563327753,0.015617273314971,0.1,0.0111111111111111,0.092208154830106,0.0101590549634917,0.0122945904993673,0.0122945904993673,0.4,1.40555459834739,0.74174476001292
"AFR-ASN",0.691850587692493,197,0.0108453813516394,0.0213886236282129,"model3_african","EUR",0.1,1,1000,0.4,0.135041563327753,0.015617273314971,0.1,0.0111111111111111,0.092208154830106,0.0101590549634917,0.0122945904993673,0.0122945904993673,0.4,1.40555459834739,0.683629614150767
"ASN-EUR",1.10488267443725,196,0.0189561341863243,0.037385364638657,"model3_african","EUR",0.1,1,1000,0.4,0.135041563327753,0.015617273314971,0.1,0.0111111111111111,0.092208154830106,0.0101590549634917,0.0122945904993673,0.0122945904993673,0.4,1.40555459834739,1.08607461812637
"ASN-AFR",1.46582691021271,192,0.0220215026004439,0.0434365768369353,"model3_african","EUR",0.1,1,1000,0.4,0.135041563327753,0.015617273314971,0.1,0.0111111111111111,0.092208154830106,0.0101590549634917,0.0122945904993673,0.0122945904993673,0.4,1.40555459834739,1.46596509058115
"EUR-AFR",0.834988390610979,192,0.0184301817756632,0.0363528330169961,"model3_african","EUR",0.1,10,1000,0.4,0.0833261738684949,0.00914689013230863,0.1,0.0111111111111111,0.0951381435701827,0.010606617909532,0.00650645245958601,0.0650645245958602,0.4,0.823220111907777,0.833261738684949
"EUR-ASN",0.95667444327024,197,0.0235767533256026,0.0464966871063785,"model3_african","EUR",0.1,10,1000,0.4,0.0833261738684949,0.00914689013230863,0.1,0.0111111111111111,0.0951381435701827,0.010606617909532,0.00650645245958601,0.0650645245958602,0.4,0.823220111907777,0.951381435701827
"AFR-EUR",1.24985154651023,194,0.0284778683982425,0.0561678019009964,"model3_african","EUR",0.1,10,1000,0.4,0.0833261738684949,0.00914689013230863,0.1,0.0111111111111111,0.0951381435701827,0.010606617909532,0.00650645245958601,0.0650645245958602,0.4,0.823220111907777,1.26852058262648
"AFR-ASN",1.14191749765581,193,0.0277411513650219,0.0547165496174237,"model3_african","EUR",0.1,10,1000,0.4,0.0833261738684949,0.00914689013230863,0.1,0.0111111111111111,0.0951381435701827,0.010606617909532,0.00650645245958601,0.0650645245958602,0.4,0.823220111907777,1.16986362473379
"ASN-EUR",1.12165799225049,193,0.0269791884661351,0.0532136566691467,"model3_african","EUR",0.1,10,1000,0.4,0.0833261738684949,0.00914689013230863,0.1,0.0111111111111111,0.0951381435701827,0.010606617909532,0.00650645245958601,0.0650645245958602,0.4,0.823220111907777,1.13178161931556
"ASN-AFR",0.919267831584536,193,0.0213250264082786,0.0420614072649008,"model3_african","EUR",0.1,10,1000,0.4,0.0833261738684949,0.00914689013230863,0.1,0.0111111111111111,0.0951381435701827,0.010606617909532,0.00650645245958601,0.0650645245958602,0.4,0.823220111907777,0.914080994173197
"EUR-AFR",1.32890119972441,194,0.0208249291945178,0.041073667496551,"model3_african","EUR",0.1,2,1000,0.4,0.129512818756572,0.0148836966080829,0.1,0.0111111111111111,0.0919334789862626,0.0101263053671342,0.0117964201309412,0.0235928402618824,0.4,1.33953269472746,1.29512818756572
"EUR-ASN",0.932467698744678,195,0.0147656323889528,0.0291217773587748,"model3_african","EUR",0.1,2,1000,0.4,0.129512818756572,0.0148836966080829,0.1,0.0111111111111111,0.0919334789862626,0.0101263053671342,0.0117964201309412,0.0235928402618824,0.4,1.33953269472746,0.919334789862626
"AFR-EUR",0.765513984720898,194,0.0120292880138372,0.0237257457869612,"model3_african","EUR",0.1,2,1000,0.4,0.129512818756572,0.0148836966080829,0.1,0.0111111111111111,0.0919334789862626,0.0101263053671342,0.0117964201309412,0.0235928402618824,0.4,1.33953269472746,0.773786619856034
"AFR-ASN",0.708269074841644,196,0.0113031616733864,0.0222921412443948,"model3_african","EUR",0.1,2,1000,0.4,0.129512818756572,0.0148836966080829,0.1,0.0111111111111111,0.0919334789862626,0.0101263053671342,0.0117964201309412,0.0235928402618824,0.4,1.33953269472746,0.711104412242836
"ASN-EUR",1.10488043359217,198,0.0188404056455193,0.0371547689614108,"model3_african","EUR",0.1,2,1000,0.4,0.129512818756572,0.0148836966080829,0.1,0.0111111111111111,0.0919334789862626,0.0101263053671342,0.0117964201309412,0.0235928402618824,0.4,1.33953269472746,1.08987071471313
"ASN-AFR",1.44913617639122,196,0.0239049902345829,0.047145518586177,"model3_african","EUR",0.1,2,1000,0.4,0.129512818756572,0.0148836966080829,0.1,0.0111111111111111,0.0919334789862626,0.0101263053671342,0.0117964201309412,0.0235928402618824,0.4,1.33953269472746,1.41101049783265
"EUR-AFR",1.13303256313671,197,0.0225764335069687,0.044523915157205,"model3_african","EUR",0.1,5,1000,0.4,0.108298339844884,0.0121740064608747,0.1,0.0111111111111111,0.0942194648561328,0.0104249602629099,0.00964078901176921,0.048203945058846,0.4,1.09566058147873,1.08298339844884
"EUR-ASN",0.9637926471076,195,0.0213004521047311,0.042010190115482,"model3_african","EUR",0.1,5,1000,0.4,0.108298339844884,0.0121740064608747,0.1,0.0111111111111111,0.0942194648561328,0.0104249602629099,0.00964078901176921,0.048203945058846,0.4,1.09566058147873,0.942194648561328
"AFR-EUR",0.928322885132364,196,0.017811969483066,0.0351288383755726,"model3_african","EUR",0.1,5,1000,0.4,0.108298339844884,0.0121740064608747,0.1,0.0111111111111111,0.0942194648561328,0.0104249602629099,0.00964078901176921,0.048203945058846,0.4,1.09566058147873,0.939574497068384
"AFR-ASN",0.868389184100841,194,0.0180547497447765,0.035609954820188,"model3_african","EUR",0.1,5,1000,0.4,0.108298339844884,0.0121740064608747,0.1,0.0111111111111111,0.0942194648561328,0.0104249602629099,0.00964078901176921,0.048203945058846,0.4,1.09566058147873,0.879859695956945
"ASN-EUR",1.11180572066584,198,0.0241938459544147,0.047712176353168,"model3_african","EUR",0.1,5,1000,0.4,0.108298339844884,0.0121740064608747,0.1,0.0111111111111111,0.0942194648561328,0.0104249602629099,0.00964078901176921,0.048203945058846,0.4,1.09566058147873,1.08193125418535
"ASN-AFR",1.21727496698748,197,0.0261037831114537,0.0514803467154233,"model3_african","EUR",0.1,5,1000,0.4,0.108298339844884,0.0121740064608747,0.1,0.0111111111111111,0.0942194648561328,0.0104249602629099,0.00964078901176921,0.048203945058846,0.4,1.09566058147873,1.16474773669257
"EUR-AFR",1.34022513242157,199,0.0234088390398404,0.0461626397224224,"model3_african","EUR",0.1,1,1000,0.5,0.13405651360235,0.0154874296855092,0.1,0.0111111111111111,0.092457668736625,0.0101896523230721,0.0133996596519037,0.0133996596519037,0.5,1.39386867169582,1.3405651360235
"EUR-ASN",0.875585029046287,190,0.0144106293898934,0.0284263366212327,"model3_african","EUR",0.1,1,1000,0.5,0.13405651360235,0.0154874296855092,0.1,0.0111111111111111,0.092457668736625,0.0101896523230721,0.0133996596519037,0.0133996596519037,0.5,1.39386867169582,0.92457668736625
"AFR-EUR",0.776257862698369,195,0.0131180834923582,0.0258723701616798,"model3_african","EUR",0.1,1,1000,0.5,0.13405651360235,0.0154874296855092,0.1,0.0111111111111111,0.092457668736625,0.0101896523230721,0.0133996596519037,0.0133996596519037,0.5,1.39386867169582,0.747656906616922
"AFR-ASN",0.680720373292778,194,0.0117701095024057,0.0232145597991792,"model3_african","EUR",0.1,1,1000,0.5,0.13405651360235,0.0154874296855092,0.1,0.0111111111111111,0.092457668736625,0.0101896523230721,0.0133996596519037,0.0133996596519037,0.5,1.39386867169582,0.690819338999173
"ASN-EUR",1.15282050981039,195,0.0199493626532067,0.0393454802566262,"model3_african","EUR",0.1,1,1000,0.5,0.13405651360235,0.0154874296855092,0.1,0.0111111111111111,0.092457668736625,0.0101896523230721,0.0133996596519037,0.0133996596519037,0.5,1.39386867169582,1.08344158661374
"ASN-AFR",1.51236781683981,197,0.0266889810009945,0.0526344395962163,"model3_african","EUR",0.1,1,1000,0.5,0.13405651360235,0.0154874296855092,0.1,0.0111111111111111,0.092457668736625,0.0101896523230721,0.0133996596519037,0.0133996596519037,0.5,1.39386867169582,1.45146661321083
"EUR-AFR",0.799585849121663,195,0.0199859908151903,0.0394177207912845,"model3_african","EUR",0.1,10,1000,0.5,0.0803013893264224,0.00878947721959816,0.1,0.0111111111111111,0.0971683836403072,0.0108382320416687,0.00621954297404117,0.0621954297404117,0.5,0.791052949763834,0.803013893264224
"EUR-ASN",0.973342684866961,194,0.022370774119327,0.0441225864076204,"model3_african","EUR",0.1,10,1000,0.5,0.0803013893264224,0.00878947721959816,0.1,0.0111111111111111,0.0971683836403072,0.0108382320416687,0.00621954297404117,0.0621954297404117,0.5,0.791052949763834,0.971683836403072
"AFR-EUR",1.348425402121,194,0.0346605615300258,0.0683621234065373,"model3_african","EUR",0.1,10,1000,0.5,0.0803013893264224,0.00878947721959816,0.1,0.0111111111111111,0.0971683836403072,0.0108382320416687,0.00621954297404117,0.0621954297404117,0.5,0.791052949763834,1.32725997684314
"AFR-ASN",1.26334374385442,193,0.030967284694303,0.0610797636766139,"model3_african","EUR",0.1,10,1000,0.5,0.0803013893264224,0.00878947721959816,0.1,0.0111111111111111,0.0971683836403072,0.0108382320416687,0.00621954297404117,0.0621954297404117,0.5,0.791052949763834,1.26177311866097
"ASN-EUR",1.06069942215697,189,0.0248149433384845,0.0489515129373841,"model3_african","EUR",0.1,10,1000,0.5,0.0803013893264224,0.00878947721959816,0.1,0.0111111111111111,0.0971683836403072,0.0108382320416687,0.00621954297404117,0.0621954297404117,0.5,0.791052949763834,1.09633281103748
"ASN-AFR",0.833977188275357,193,0.0201993410998205,0.0398411095121726,"model3_african","EUR",0.1,10,1000,0.5,0.0803013893264224,0.00878947721959816,0.1,0.0111111111111111,0.0971683836403072,0.0108382320416687,0.00621954297404117,0.0621954297404117,0.5,0.791052949763834,0.860837652981486
"EUR-AFR",1.26338663270841,198,0.0194605245550093,0.0383776924612656,"model3_african","EUR",0.1,2,1000,0.5,0.126722878727893,0.0145184998020484,0.1,0.0111111111111111,0.092291785933573,0.0101700965544329,0.0126324240397527,0.0252648480795055,0.5,1.30666498218435,1.26722878727893
"EUR-ASN",0.906442596848198,193,0.0146521170546261,0.0288997842688896,"model3_african","EUR",0.1,2,1000,0.5,0.126722878727893,0.0145184998020484,0.1,0.0111111111111111,0.092291785933573,0.0101700965544329,0.0126324240397527,0.0252648480795055,0.5,1.30666498218435,0.92291785933573
"AFR-EUR",0.821834356530869,199,0.0125570420667821,0.0247627064256202,"model3_african","EUR",0.1,2,1000,0.5,0.126722878727893,0.0145184998020484,0.1,0.0111111111111111,0.092291785933573,0.0101700965544329,0.0126324240397527,0.0252648480795055,0.5,1.30666498218435,0.791513310040144
"AFR-ASN",0.737293035975913,195,0.0115036663287307,0.0226883076058138,"model3_african","EUR",0.1,2,1000,0.5,0.126722878727893,0.0145184998020484,0.1,0.0111111111111111,0.092291785933573,0.0101700965544329,0.0126324240397527,0.0252648480795055,0.5,1.30666498218435,0.729947951022131
"ASN-EUR",1.12818225814601,197,0.0193921598505783,0.0382440778183852,"model3_african","EUR",0.1,2,1000,0.5,0.126722878727893,0.0145184998020484,0.1,0.0111111111111111,0.092291785933573,0.0101700965544329,0.0126324240397527,0.0252648480795055,0.5,1.30666498218435,1.08592572020028
"ASN-AFR",1.39052104096791,197,0.0223607435774841,0.0440985441561711,"model3_african","EUR",0.1,2,1000,0.5,0.126722878727893,0.0145184998020484,0.1,0.0111111111111111,0.092291785933573,0.0101700965544329,0.0126324240397527,0.0252648480795055,0.5,1.30666498218435,1.37508936247494
"EUR-AFR",1.0510032287166,197,0.0207219590676306,0.0408666296708679,"model3_african","EUR",0.1,5,1000,0.5,0.101896770805121,0.01137856501067,0.1,0.0111111111111111,0.0941801549928253,0.0104238204919001,0.00969532717430023,0.0484766358715011,0.5,1.0240708509603,1.01896770805121
"EUR-ASN",0.974145911871646,197,0.0182833060705728,0.0360572615700405,"model3_african","EUR",0.1,5,1000,0.5,0.101896770805121,0.01137856501067,0.1,0.0111111111111111,0.0941801549928253,0.0104238204919001,0.00969532717430023,0.0484766358715011,0.5,1.0240708509603,0.941801549928253
"AFR-EUR",1.00330079681697,196,0.0202615343721467,0.0399598801736625,"model3_african","EUR",0.1,5,1000,0.5,0.101896770805121,0.01137856501067,0.1,0.0111111111111111,0.0941801549928253,0.0104238204919001,0.00969532717430023,0.0484766358715011,0.5,1.0240708509603,1.00352030143548
"AFR-ASN",0.960220304599878,198,0.0193840993172489,0.0382269758522266,"model3_african","EUR",0.1,5,1000,0.5,0.101896770805121,0.01137856501067,0.1,0.0111111111111111,0.0941801549928253,0.0104238204919001,0.00969532717430023,0.0484766358715011,0.5,1.0240708509603,0.937706436448186
"ASN-EUR",1.05241072404682,190,0.019257433053399,0.0379871176772261,"model3_african","EUR",0.1,5,1000,0.5,0.101896770805121,0.01137856501067,0.1,0.0111111111111111,0.0941801549928253,0.0104238204919001,0.00969532717430023,0.0484766358715011,0.5,1.0240708509603,1.08603564045589
"ASN-AFR",1.10443713771493,196,0.0225232045513397,0.0444203552637,"model3_african","EUR",0.1,5,1000,0.5,0.101896770805121,0.01137856501067,0.1,0.0111111111111111,0.0941801549928253,0.0104238204919001,0.00969532717430023,0.0484766358715011,0.5,1.0240708509603,1.09760846644116
"EUR-AFR",1.34417718667501,196,0.0212451521395121,0.0418997751193603,"model3_african","EUR",0.1,1,1000,0.6,0.132050164078441,0.0152207340012438,0.1,0.0111111111111111,0.0923097235480668,0.0101720936374172,0.0147284691014349,0.0147284691014349,0.6,1.36986606011194,1.32050164078441
"EUR-ASN",0.932495973460102,196,0.0156433929970627,0.0308519630443915,"model3_african","EUR",0.1,1,1000,0.6,0.132050164078441,0.0152207340012438,0.1,0.0111111111111111,0.0923097235480668,0.0101720936374172,0.0147284691014349,0.0147284691014349,0.6,1.36986606011194,0.923097235480668
"AFR-EUR",0.760525060350009,195,0.0119336079305428,0.0235362674679741,"model3_african","EUR",0.1,1,1000,0.6,0.132050164078441,0.0152207340012438,0.1,0.0111111111111111,0.0923097235480668,0.0101720936374172,0.0147284691014349,0.0147284691014349,0.6,1.36986606011194,0.759170032518083
"AFR-ASN",0.703972899574038,197,0.0115940152881933,0.022865035474426,"model3_african","EUR",0.1,1,1000,0.6,0.132050164078441,0.0152207340012438,0.1,0.0111111111111111,0.0923097235480668,0.0101720936374172,0.0147284691014349,0.0147284691014349,0.6,1.36986606011194,0.700276361720116
"ASN-EUR",1.1160453544267,198,0.0196492452979345,0.0387498646816274,"model3_african","EUR",0.1,1,1000,0.6,0.132050164078441,0.0152207340012438,0.1,0.0111111111111111,0.0923097235480668,0.0101720936374172,0.0147284691014349,0.0147284691014349,0.6,1.36986606011194,1.08553501885036
"ASN-AFR",1.46952665193273,197,0.0238978657000201,0.0471299660567531,"model3_african","EUR",0.1,1,1000,0.6,0.132050164078441,0.0152207340012438,0.1,0.0111111111111111,0.0923097235480668,0.0101720936374172,0.0147284691014349,0.0147284691014349,0.6,1.36986606011194,1.43240378599818
"EUR-AFR",0.6867077805108,190,0.0174906720365327,0.0345020135894106,"model3_african","EUR",0.1,10,1000,0.6,0.0707436897717948,0.00764840518618206,0.1,0.0111111111111111,0.0961766484492678,0.0107015754204466,0.00566664992405384,0.0566664992405384,0.6,0.688356466756385,0.707436897717948
"EUR-ASN",0.977498351922742,196,0.023429617000927,0.0462079855688961,"model3_african","EUR",0.1,10,1000,0.6,0.0707436897717948,0.00764840518618206,0.1,0.0111111111111111,0.0961766484492678,0.0107015754204466,0.00566664992405384,0.0566664992405384,0.6,0.688356466756385,0.961766484492678
"AFR-EUR",1.54788276463468,195,0.0401110633758119,0.0791097479934581,"model3_african","EUR",0.1,10,1000,0.6,0.0707436897717948,0.00764840518618206,0.1,0.0111111111111111,0.0961766484492678,0.0107015754204466,0.00566664992405384,0.0566664992405384,0.6,0.688356466756385,1.49108221081912
"AFR-ASN",1.44411035922734,196,0.0346793086461571,0.0683946730071397,"model3_african","EUR",0.1,10,1000,0.6,0.0707436897717948,0.00764840518618206,0.1,0.0111111111111111,0.0961766484492678,0.0107015754204466,0.00566664992405384,0.0566664992405384,0.6,0.688356466756385,1.40329763942841
"ASN-EUR",1.05787405407891,188,0.0243120332835308,0.0479611025436914,"model3_african","EUR",0.1,10,1000,0.6,0.0707436897717948,0.00764840518618206,0.1,0.0111111111111111,0.0961766484492678,0.0107015754204466,0.00566664992405384,0.0566664992405384,0.6,0.688356466756385,1.09613419055221
"ASN-AFR",0.748694800363174,196,0.0188007909489588,0.0370789960765877,"model3_african","EUR",0.1,10,1000,0.6,0.0707436897717948,0.00764840518618206,0.1,0.0111111111111111,0.0961766484492678,0.0107015754204466,0.00566664992405384,0.0566664992405384,0.6,0.688356466756385,0.760253411194653
"EUR-AFR",1.26927466744747,197,0.0219373337780866,0.0432635202371237,"model3_african","EUR",0.1,2,1000,0.6,0.121841057511531,0.0138845397137172,0.1,0.0111111111111111,0.092627326739184,0.0102120662017285,0.0136160871946504,0.0272321743893008,0.6,1.24960857423455,1.21841057511531
"EUR-ASN",0.974413908636105,198,0.0174078354488634,0.0343296273121698,"model3_african","EUR",0.1,2,1000,0.6,0.121841057511531,0.0138845397137172,0.1,0.0111111111111111,0.092627326739184,0.0102120662017285,0.0136160871946504,0.0272321743893008,0.6,1.24960857423455,0.92627326739184
"AFR-EUR",0.825043238005587,199,0.0141718763879373,0.0279471879307482,"model3_african","EUR",0.1,2,1000,0.6,0.121841057511531,0.0138845397137172,0.1,0.0111111111111111,0.092627326739184,0.0102120662017285,0.0136160871946504,0.0272321743893008,0.6,1.24960857423455,0.82445491429432
"AFR-ASN",0.78442872356441,198,0.0145761809429144,0.0287453808300833,"model3_african","EUR",0.1,2,1000,0.6,0.121841057511531,0.0138845397137172,0.1,0.0111111111111111,0.092627326739184,0.0102120662017285,0.0136160871946504,0.0272321743893008,0.6,1.24960857423455,0.762718324055559
"ASN-EUR",1.05612145678416,192,0.0187640145305755,0.0370113054369998,"model3_african","EUR",0.1,2,1000,0.6,0.121841057511531,0.0138845397137172,0.1,0.0111111111111111,0.092627326739184,0.0102120662017285,0.0136160871946504,0.0272321743893008,0.6,1.24960857423455,1.08316528730843
"ASN-AFR",1.32296904924263,193,0.0242095245984869,0.0477507813744737,"model3_african","EUR",0.1,2,1000,0.6,0.121841057511531,0.0138845397137172,0.1,0.0111111111111111,0.092627326739184,0.0102120662017285,0.0136160871946504,0.0272321743893008,0.6,1.24960857423455,1.31809115382803
"EUR-AFR",0.947343119660886,195,0.0195762171073426,0.0386095374115908,"model3_african","EUR",0.1,5,1000,0.6,0.0915048727315779,0.0101031775929685,0.1,0.0111111111111111,0.0925440043915198,0.0102252358108354,0.00955331989089068,0.0477665994544534,0.6,0.909285983367168,0.915048727315779
"EUR-ASN",0.950046069032128,197,0.0194932662187173,0.0384434738547646,"model3_african","EUR",0.1,5,1000,0.6,0.0915048727315779,0.0101031775929685,0.1,0.0111111111111111,0.0925440043915198,0.0102252358108354,0.00955331989089068,0.0477665994544534,0.6,0.909285983367168,0.925440043915198
"AFR-EUR",1.07460169289047,189,0.0213191316930172,0.0420554557247788,"model3_african","EUR",0.1,5,1000,0.6,0.0915048727315779,0.0101031775929685,0.1,0.0111111111111111,0.0925440043915198,0.0102252358108354,0.00955331989089068,0.0477665994544534,0.6,0.909285983367168,1.12221207235532
"AFR-ASN",1.02328472624483,195,0.0228157968790603,0.0449988554145594,"model3_african","EUR",0.1,5,1000,0.6,0.0915048727315779,0.0101031775929685,0.1,0.0111111111111111,0.0925440043915198,0.0102252358108354,0.00955331989089068,0.0477665994544534,0.6,0.909285983367168,1.03013671992295
"ASN-EUR",1.09704759287115,192,0.0225709669105555,0.0445203743033642,"model3_african","EUR",0.1,5,1000,0.6,0.0915048727315779,0.0101031775929685,0.1,0.0111111111111111,0.0925440043915198,0.0102252358108354,0.00955331989089068,0.0477665994544534,0.6,0.909285983367168,1.10605197817922
"ASN-AFR",1.03774173321538,196,0.0227915945540602,0.0449496751143854,"model3_african","EUR",0.1,5,1000,0.6,0.0915048727315779,0.0101031775929685,0.1,0.0111111111111111,0.0925440043915198,0.0102252358108354,0.00955331989089068,0.0477665994544534,0.6,0.909285983367168,1.0037186958678
"EUR-AFR",1.30606583980278,197,0.0198438504796912,0.0391348755274971,"model3_african","EUR",0.1,1,1000,0.7,0.129936959883143,0.0149424000660109,0.1,0.0111111111111111,0.092273773706962,0.0101682272904308,0.0167740725797985,0.0167740725797985,0.7,1.34481600594098,1.29936959883143
"EUR-ASN",0.912416088852551,197,0.0143157225912468,0.0282326266400763,"model3_african","EUR",0.1,1,1000,0.7,0.129936959883143,0.0149424000660109,0.1,0.0111111111111111,0.092273773706962,0.0101682272904308,0.0167740725797985,0.0167740725797985,0.7,1.34481600594098,0.92273773706962
"AFR-EUR",0.777280221817572,193,0.0115223839058972,0.0227267095875827,"model3_african","EUR",0.1,1,1000,0.7,0.129936959883143,0.0149424000660109,0.1,0.0111111111111111,0.092273773706962,0.0101682272904308,0.0167740725797985,0.0167740725797985,0.7,1.34481600594098,0.772071884195328
"AFR-ASN",0.716996919277757,200,0.0120388135529793,0.0237400171708243,"model3_african","EUR",0.1,1,1000,0.7,0.129936959883143,0.0149424000660109,0.1,0.0111111111111111,0.092273773706962,0.0101682272904308,0.0167740725797985,0.0167740725797985,0.7,1.34481600594098,0.711894535209092
"ASN-EUR",1.11531694239004,193,0.0172446017615804,0.0340131920086757,"model3_african","EUR",0.1,1,1000,0.7,0.129936959883143,0.0149424000660109,0.1,0.0111111111111111,0.092273773706962,0.0101682272904308,0.0167740725797985,0.0167740725797985,0.7,1.34481600594098,1.0864339841551
"ASN-AFR",1.45829691906498,197,0.0238430213967384,0.0470218053454778,"model3_african","EUR",0.1,1,1000,0.7,0.129936959883143,0.0149424000660109,0.1,0.0111111111111111,0.092273773706962,0.0101682272904308,0.0167740725797985,0.0167740725797985,0.7,1.34481600594098,1.41070293472107
"EUR-AFR",0.685487908955453,194,0.017310927032245,0.0341428897230857,"model3_african","EUR",0.1,10,1000,0.7,0.0699707030405746,0.00756261875681874,0.1,0.0111111111111111,0.0952520580297733,0.0105979930488356,0.00551780624620337,0.0551780624620337,0.7,0.680635688113687,0.699707030405746
"EUR-ASN",0.958946950553294,196,0.0209413866726923,0.0413006876350627,"model3_african","EUR",0.1,10,1000,0.7,0.0699707030405746,0.00756261875681874,0.1,0.0111111111111111,0.0952520580297733,0.0105979930488356,0.00551780624620337,0.0551780624620337,0.7,0.680635688113687,0.952520580297733
"AFR-EUR",1.53407861687982,190,0.0381373686035164,0.0752295856371066,"model3_african","EUR",0.1,10,1000,0.7,0.0699707030405746,0.00756261875681874,0.1,0.0111111111111111,0.0952520580297733,0.0105979930488356,0.00551780624620337,0.0551780624620337,0.7,0.680635688113687,1.50729215174288
"AFR-ASN",1.46491385596727,192,0.0402806699758105,0.0794520904496435,"model3_african","EUR",0.1,10,1000,0.7,0.0699707030405746,0.00756261875681874,0.1,0.0111111111111111,0.0952520580297733,0.0105979930488356,0.00551780624620337,0.0551780624620337,0.7,0.680635688113687,1.41112673799779
"ASN-EUR",1.10724645776216,194,0.0255082667542615,0.0503107625140775,"model3_african","EUR",0.1,10,1000,0.7,0.0699707030405746,0.00756261875681874,0.1,0.0111111111111111,0.0952520580297733,0.0105979930488356,0.00551780624620337,0.0551780624620337,0.7,0.680635688113687,1.10641864331363
"ASN-AFR",0.723469179197973,190,0.0199055624145224,0.0392656144655982,"model3_african","EUR",0.1,10,1000,0.7,0.0699707030405746,0.00756261875681874,0.1,0.0111111111111111,0.0952520580297733,0.0105979930488356,0.00551780624620337,0.0551780624620337,0.7,0.680635688113687,0.762733313357985
"EUR-AFR",1.19606260962141,197,0.0219974388131539,0.0433820558544093,"model3_african","EUR",0.1,2,1000,0.7,0.118162988941979,0.0134110314858927,0.1,0.0111111111111111,0.0935019229467019,0.0103210849339748,0.0150366909480113,0.0300733818960225,0.7,1.20699283373034,1.18162988941979
"EUR-ASN",0.9361242889675,193,0.0171204352694152,0.03376828645519,"model3_african","EUR",0.1,2,1000,0.7,0.118162988941979,0.0134110314858927,0.1,0.0111111111111111,0.0935019229467019,0.0103210849339748,0.0150366909480113,0.0300733818960225,0.7,1.20699283373034,0.935019229467019
"AFR-EUR",0.868976497634137,196,0.0154432952375461,0.0304573294324231,"model3_african","EUR",0.1,2,1000,0.7,0.118162988941979,0.0134110314858927,0.1,0.0111111111111111,0.0935019229467019,0.0103210849339748,0.0150366909480113,0.0300733818960225,0.7,1.20699283373034,0.851095552410646
"AFR-ASN",0.805029072597358,196,0.0133819962818755,0.0263920272811741,"model3_african","EUR",0.1,2,1000,0.7,0.118162988941979,0.0134110314858927,0.1,0.0111111111111111,0.0935019229467019,0.0103210849339748,0.0150366909480113,0.0300733818960225,0.7,1.20699283373034,0.79411025116519
"ASN-EUR",1.09525251483354,195,0.0204441630424493,0.0403213589994383,"model3_african","EUR",0.1,2,1000,0.7,0.118162988941979,0.0134110314858927,0.1,0.0111111111111111,0.0935019229467019,0.0103210849339748,0.0150366909480113,0.0300733818960225,0.7,1.20699283373034,1.07539536292928
"ASN-AFR",1.28017157137889,196,0.0215087735868378,0.0424196904057771,"model3_african","EUR",0.1,2,1000,0.7,0.118162988941979,0.0134110314858927,0.1,0.0111111111111111,0.0935019229467019,0.0103210849339748,0.0150366909480113,0.0300733818960225,0.7,1.20699283373034,1.26806408926837
"EUR-AFR",0.847979866794821,197,0.0171519553001574,0.0338260780795452,"model3_african","EUR",0.1,5,1000,0.7,0.0848528572503982,0.00930382574423455,0.1,0.0111111111111111,0.095075163557898,0.0105522045334526,0.00960807356043923,0.0480403678021962,0.7,0.837344316981109,0.848528572503982
"EUR-ASN",0.969513318544987,192,0.0203810013759051,0.0402007505273661,"model3_african","EUR",0.1,5,1000,0.7,0.0848528572503982,0.00930382574423455,0.1,0.0111111111111111,0.095075163557898,0.0105522045334526,0.00960807356043923,0.0480403678021962,0.7,0.837344316981109,0.95075163557898
"AFR-EUR",1.23251055989261,194,0.0244472079813786,0.0482180026864395,"model3_african","EUR",0.1,5,1000,0.7,0.0848528572503982,0.00930382574423455,0.1,0.0111111111111111,0.095075163557898,0.0105522045334526,0.00960807356043923,0.0480403678021962,0.7,0.837344316981109,1.21728368637319
"AFR-ASN",1.21135484721741,199,0.0257669846990691,0.0508129441777051,"model3_african","EUR",0.1,5,1000,0.7,0.0848528572503982,0.00930382574423455,0.1,0.0111111111111111,0.095075163557898,0.0105522045334526,0.00960807356043923,0.0480403678021962,0.7,0.837344316981109,1.13871170796683
"ASN-EUR",1.05705215745385,193,0.0219257369024819,0.0432462465359639,"model3_african","EUR",0.1,5,1000,0.7,0.0848528572503982,0.00930382574423455,0.1,0.0111111111111111,0.095075163557898,0.0105522045334526,0.00960807356043923,0.0480403678021962,0.7,0.837344316981109,1.09076179795176
"ASN-AFR",0.874165288466047,194,0.0178783687891008,0.0352620730743016,"model3_african","EUR",0.1,5,1000,0.7,0.0848528572503982,0.00930382574423455,0.1,0.0111111111111111,0.095075163557898,0.0105522045334526,0.00960807356043923,0.0480403678021962,0.7,0.837344316981109,0.911449668287971
"EUR-AFR",1.26764646051167,197,0.0202632887447707,0.0399620670200027,"model3_african","EUR",0.1,1,1000,0.8,0.125597349908432,0.0143732046886633,0.1,0.0111111111111111,0.0923673961670803,0.0101808938233562,0.0198830093713602,0.0198830093713602,0.8,1.2935884219797,1.25597349908432
"EUR-ASN",0.906548975766355,194,0.0144809145013125,0.0285611663654287,"model3_african","EUR",0.1,1,1000,0.8,0.125597349908432,0.0143732046886633,0.1,0.0111111111111111,0.0923673961670803,0.0101808938233562,0.0198830093713602,0.0198830093713602,0.8,1.2935884219797,0.923673961670803
"AFR-EUR",0.80964700035833,195,0.0128406345736355,0.025325166667333,"model3_african","EUR",0.1,1,1000,0.8,0.125597349908432,0.0143732046886633,0.1,0.0111111111111111,0.0923673961670803,0.0101808938233562,0.0198830093713602,0.0198830093713602,0.8,1.2935884219797,0.799337606850525
"AFR-ASN",0.737812730088952,197,0.0127971807447666,0.025237847667814,"model3_african","EUR",0.1,1,1000,0.8,0.125597349908432,0.0143732046886633,0.1,0.0111111111111111,0.0923673961670803,0.0101808938233562,0.0198830093713602,0.0198830093713602,0.8,1.2935884219797,0.73763053028268
"ASN-EUR",1.13052080863541,197,0.0188305428131852,0.0371364897081545,"model3_african","EUR",0.1,1,1000,0.8,0.125597349908432,0.0143732046886633,0.1,0.0111111111111111,0.0923673961670803,0.0101808938233562,0.0198830093713602,0.0198830093713602,0.8,1.2935884219797,1.08659836891017
"ASN-AFR",1.39245544357992,193,0.0241394669743684,0.0476125999624725,"model3_african","EUR",0.1,1,1000,0.8,0.125597349908432,0.0143732046886633,0.1,0.0111111111111111,0.0923673961670803,0.0101808938233562,0.0198830093713602,0.0198830093713602,0.8,1.2935884219797,1.36350914666702
"EUR-AFR",0.673852875368864,196,0.0167655841450792,0.0330651529728071,"model3_african","EUR",0.1,10,1000,0.8,0.0653170888081103,0.00701623850176365,0.1,0.0111111111111111,0.0954907892042757,0.0106282266266299,0.0052051131604986,0.052051131604986,0.8,0.631461465158728,0.653170888081103
"EUR-ASN",0.940224487592741,195,0.022102045126954,0.0435911460075566,"model3_african","EUR",0.1,10,1000,0.8,0.0653170888081103,0.00701623850176365,0.1,0.0111111111111111,0.0954907892042757,0.0106282266266299,0.0052051131604986,0.052051131604986,0.8,0.631461465158728,0.954907892042757
"AFR-EUR",1.56855274612201,190,0.0378266463211882,0.0746166563920194,"model3_african","EUR",0.1,10,1000,0.8,0.0653170888081103,0.00701623850176365,0.1,0.0111111111111111,0.0954907892042757,0.0106282266266299,0.0052051131604986,0.052051131604986,0.8,0.631461465158728,1.60635450948821
"AFR-ASN",1.44789506025207,191,0.0356162381928539,0.070254033572276,"model3_african","EUR",0.1,10,1000,0.8,0.0653170888081103,0.00701623850176365,0.1,0.0111111111111111,0.0954907892042757,0.0106282266266299,0.0052051131604986,0.052051131604986,0.8,0.631461465158728,1.50252958747232
"ASN-EUR",1.13490612975891,195,0.0256197213745847,0.050528944660894,"model3_african","EUR",0.1,10,1000,0.8,0.0653170888081103,0.00701623850176365,0.1,0.0111111111111111,0.0954907892042757,0.0106282266266299,0.0052051131604986,0.052051131604986,0.8,0.631461465158728,1.10880950587979
"ASN-AFR",0.68881415925115,183,0.015875099502481,0.0313229060544683,"model3_african","EUR",0.1,10,1000,0.8,0.0653170888081103,0.00701623850176365,0.1,0.0111111111111111,0.0954907892042757,0.0106282266266299,0.0052051131604986,0.052051131604986,0.8,0.631461465158728,0.710183586801074
"EUR-AFR",1.12164005788928,199,0.0205397816142427,0.0405048083342276,"model3_african","EUR",0.1,2,1000,0.8,0.105940034686648,0.0118628804605752,0.1,0.0111111111111111,0.0940939374794964,0.0103974715994434,0.0166177812297823,0.0332355624595646,0.8,1.06765924145177,1.05940034686648
"EUR-ASN",0.972595309288845,196,0.0181001439808851,0.0356971772876436,"model3_african","EUR",0.1,2,1000,0.8,0.105940034686648,0.0118628804605752,0.1,0.0111111111111111,0.0940939374794964,0.0103974715994434,0.0166177812297823,0.0332355624595646,0.8,1.06765924145177,0.940939374794964
"AFR-EUR",0.942842081273638,197,0.0180094189316101,0.0355171174532091,"model3_african","EUR",0.1,2,1000,0.8,0.105940034686648,0.0118628804605752,0.1,0.0111111111111111,0.0940939374794964,0.0103974715994434,0.0166177812297823,0.0332355624595646,0.8,1.06765924145177,0.951987557321459
"AFR-ASN",0.902317826461337,196,0.0188735990113421,0.0372225884321849,"model3_african","EUR",0.1,2,1000,0.8,0.105940034686648,0.0118628804605752,0.1,0.0111111111111111,0.0940939374794964,0.0103974715994434,0.0166177812297823,0.0332355624595646,0.8,1.06765924145177,0.894425365827013
"ASN-EUR",1.07116917730556,197,0.0197222210595975,0.0388950051343635,"model3_african","EUR",0.1,2,1000,0.8,0.105940034686648,0.0118628804605752,0.1,0.0111111111111111,0.0940939374794964,0.0103974715994434,0.0166177812297823,0.0332355624595646,0.8,1.06765924145177,1.07230732426112
"ASN-AFR",1.16800377739777,196,0.0234133673838455,0.0461759380082564,"model3_african","EUR",0.1,2,1000,0.8,0.105940034686648,0.0118628804605752,0.1,0.0111111111111111,0.0940939374794964,0.0103974715994434,0.0166177812297823,0.0332355624595646,0.8,1.06765924145177,1.13433340644858
"EUR-AFR",0.763277274030419,191,0.0167906805472779,0.0331200905744869,"model3_african","EUR",0.1,5,1000,0.8,0.0770724634617778,0.00838573202692227,0.1,0.0111111111111111,0.0928419830553927,0.0102819720895709,0.00960557858198926,0.0480278929099463,0.8,0.754715882423004,0.770724634617778
"EUR-ASN",0.936506508293581,190,0.019882648435629,0.0392204144635904,"model3_african","EUR",0.1,5,1000,0.8,0.0770724634617778,0.00838573202692227,0.1,0.0111111111111111,0.0928419830553927,0.0102819720895709,0.00960557858198926,0.0480278929099463,0.8,0.754715882423004,0.928419830553927
"AFR-EUR",1.32849050829449,189,0.0286778315343613,0.0565716883662305,"model3_african","EUR",0.1,5,1000,0.8,0.0770724634617778,0.00838573202692227,0.1,0.0111111111111111,0.0928419830553927,0.0102819720895709,0.00960557858198926,0.0480278929099463,0.8,0.754715882423004,1.35212214848578
"AFR-ASN",1.27661475421293,194,0.0309058555679806,0.0609565979042965,"model3_african","EUR",0.1,5,1000,0.8,0.0770724634617778,0.00838573202692227,0.1,0.0111111111111111,0.0928419830553927,0.0102819720895709,0.00960557858198926,0.0480278929099463,0.8,0.754715882423004,1.23778955784605
"ASN-EUR",1.10032979355765,195,0.0241977718282327,0.047724479737654,"model3_african","EUR",0.1,5,1000,0.8,0.0770724634617778,0.00838573202692227,0.1,0.0111111111111111,0.0928419830553927,0.0102819720895709,0.00960557858198926,0.0480278929099463,0.8,0.754715882423004,1.12458222764377
"ASN-AFR",0.830616258810687,193,0.0197801075042548,0.0390142146392371,"model3_african","EUR",0.1,5,1000,0.8,0.0770724634617778,0.00838573202692227,0.1,0.0111111111111111,0.0928419830553927,0.0102819720895709,0.00960557858198926,0.0480278929099463,0.8,0.754715882423004,0.855352997660348
"EUR-AFR",1.20603185946468,195,0.0224024801791762,0.044183684306704,"model3_african","EUR",0.1,1,1000,0.9,0.117587171063201,0.0133453574404009,0.1,0.0111111111111111,0.0936953703614851,0.0103481449115932,0.0261359464130233,0.0261359464130233,0.9,1.20108216963608,1.17587171063201
"EUR-ASN",0.936786961696437,197,0.0174526770850958,0.0344191439078739,"model3_african","EUR",0.1,1,1000,0.9,0.117587171063201,0.0133453574404009,0.1,0.0111111111111111,0.0936953703614851,0.0103481449115932,0.0261359464130233,0.0261359464130233,0.9,1.20108216963608,0.936953703614851
"AFR-EUR",0.867775697474235,198,0.0163976632491654,0.0323374878966394,"model3_african","EUR",0.1,1,1000,0.9,0.117587171063201,0.0133453574404009,0.1,0.0111111111111111,0.0936953703614851,0.0103481449115932,0.0261359464130233,0.0261359464130233,0.9,1.20108216963608,0.858546446637946
"AFR-ASN",0.793111008275886,198,0.0148183669221078,0.0292229907219257,"model3_african","EUR",0.1,1,1000,0.9,0.117587171063201,0.0133453574404009,0.1,0.0111111111111111,0.0936953703614851,0.0103481449115932,0.0261359464130233,0.0261359464130233,0.9,1.20108216963608,0.801976235488585
"ASN-EUR",1.11178218964555,195,0.0204706365338049,0.0403735718069131,"model3_african","EUR",0.1,1,1000,0.9,0.117587171063201,0.0133453574404009,0.1,0.0111111111111111,0.0936953703614851,0.0103481449115932,0.0261359464130233,0.0261359464130233,0.9,1.20108216963608,1.07637346297073
"ASN-AFR",1.31269849662752,194,0.0240431904883268,0.047421146187318,"model3_african","EUR",0.1,1,1000,0.9,0.117587171063201,0.0133453574404009,0.1,0.0111111111111111,0.0936953703614851,0.0103481449115932,0.0261359464130233,0.0261359464130233,0.9,1.20108216963608,1.26188356903321
"EUR-AFR",0.652695695928389,198,0.0164234261224752,0.0323882943189436,"model3_african","EUR",0.1,10,1000,0.9,0.0626936615565363,0.0067164209827422,0.1,0.0111111111111111,0.0929064097425584,0.0103050084812964,0.00498673745590014,0.0498673745590014,0.9,0.604477888446798,0.626936615565363
"EUR-ASN",0.9232443935677,193,0.0207036922312815,0.0408358899142572,"model3_african","EUR",0.1,10,1000,0.9,0.0626936615565363,0.0067164209827422,0.1,0.0111111111111111,0.0929064097425584,0.0103050084812964,0.00498673745590014,0.0498673745590014,0.9,0.604477888446798,0.929064097425584
"AFR-EUR",1.64053367746697,190,0.0406249855306257,0.0801366465462074,"model3_african","EUR",0.1,10,1000,0.9,0.0626936615565363,0.0067164209827422,0.1,0.0111111111111111,0.0929064097425584,0.0103050084812964,0.00498673745590014,0.0498673745590014,0.9,0.604477888446798,1.66800488693566
"AFR-ASN",1.48304658723193,190,0.0372138133009122,0.0734077849919132,"model3_african","EUR",0.1,10,1000,0.9,0.0626936615565363,0.0067164209827422,0.1,0.0111111111111111,0.0929064097425584,0.0103050084812964,0.00498673745590014,0.0498673745590014,0.9,0.604477888446798,1.52292296778497
"ASN-EUR",1.13049298659026,194,0.0257089496563019,0.0507065757585624,"model3_african","EUR",0.1,10,1000,0.9,0.0626936615565363,0.0067164209827422,0.1,0.0111111111111111,0.0929064097425584,0.0103050084812964,0.00498673745590014,0.0498673745590014,0.9,0.604477888446798,1.13572711287252
"ASN-AFR",0.711969132606652,195,0.0180672709153996,0.0356334918288081,"model3_african","EUR",0.1,10,1000,0.9,0.0626936615565363,0.0067164209827422,0.1,0.0111111111111111,0.0929064097425584,0.0103050084812964,0.00498673745590014,0.0498673745590014,0.9,0.604477888446798,0.699654073980712
"EUR-AFR",0.957375211374488,198,0.021252085719944,0.041910792672365,"model3_african","EUR",0.1,2,1000,0.9,0.0932515960188919,0.0103061147048126,0.1,0.0111111111111111,0.0930558305161366,0.0102784926597718,0.0193990731123361,0.0387981462246722,0.9,0.92755032343313,0.932515960188919
"EUR-ASN",0.960301419440061,199,0.0179784489853064,0.0354538156234128,"model3_african","EUR",0.1,2,1000,0.9,0.0932515960188919,0.0103061147048126,0.1,0.0111111111111111,0.0930558305161366,0.0102784926597718,0.0193990731123361,0.0387981462246722,0.9,0.92755032343313,0.930558305161366
"AFR-EUR",1.12461406391857,196,0.024954501938964,0.0492153698214109,"model3_african","EUR",0.1,2,1000,0.9,0.0932515960188919,0.0103061147048126,0.1,0.0111111111111111,0.0930558305161366,0.0102784926597718,0.0193990731123361,0.0387981462246722,0.9,0.92755032343313,1.092347376597
"AFR-ASN",1.03779641106955,195,0.0215969158999666,0.042594896033411,"model3_african","EUR",0.1,2,1000,0.9,0.0932515960188919,0.0103061147048126,0.1,0.0111111111111111,0.0930558305161366,0.0102784926597718,0.0193990731123361,0.0387981462246722,0.9,0.92755032343313,1.00907252458699
"ASN-EUR",1.10118290901921,197,0.0208028960241709,0.0410262487792168,"model3_african","EUR",0.1,2,1000,0.9,0.0932515960188919,0.0103061147048126,0.1,0.0111111111111111,0.0930558305161366,0.0102784926597718,0.0193990731123361,0.0387981462246722,0.9,0.92755032343313,1.09155357419956
"ASN-AFR",0.993062338833035,190,0.0198326919585401,0.0391218705627158,"model3_african","EUR",0.1,2,1000,0.9,0.0932515960188919,0.0103061147048126,0.1,0.0111111111111111,0.0930558305161366,0.0102784926597718,0.0193990731123361,0.0387981462246722,0.9,0.92755032343313,1.01040745960409
"EUR-AFR",0.693256971593787,196,0.0153641639944218,0.0303012664741514,"model3_african","EUR",0.1,5,1000,0.9,0.0692112216610915,0.00746626591248613,0.1,0.0111111111111111,0.0958810071522841,0.0106528179349715,0.00963423035727889,0.0481711517863945,0.9,0.671963932123752,0.692112216610915
"EUR-ASN",0.979705596728403,198,0.023695960711751,0.0467303073048832,"model3_african","EUR",0.1,5,1000,0.9,0.0692112216610915,0.00746626591248613,0.1,0.0111111111111111,0.0958810071522841,0.0106528179349715,0.00963423035727889,0.0481711517863945,0.9,0.671963932123752,0.958810071522841
"AFR-EUR",1.5383053483178,196,0.0335681200537261,0.066203182363424,"model3_african","EUR",0.1,5,1000,0.9,0.0692112216610915,0.00746626591248613,0.1,0.0111111111111111,0.0958810071522841,0.0106528179349715,0.00963423035727889,0.0481711517863945,0.9,0.671963932123752,1.51305338148343
"AFR-ASN",1.45582426151426,195,0.037759406659026,0.0744716518031625,"model3_african","EUR",0.1,5,1000,0.9,0.0692112216610915,0.00746626591248613,0.1,0.0111111111111111,0.0958810071522841,0.0106528179349715,0.00963423035727889,0.0481711517863945,0.9,0.671963932123752,1.42730178264626
"ASN-EUR",1.07992505065746,190,0.0241077785734569,0.0475548853820254,"model3_african","EUR",0.1,5,1000,0.9,0.0692112216610915,0.00746626591248613,0.1,0.0111111111111111,0.0958810071522841,0.0106528179349715,0.00963423035727889,0.0481711517863945,0.9,0.671963932123752,1.08483493635054
"ASN-AFR",0.726840925121331,190,0.0183516820861507,0.0362004377763423,"model3_african","EUR",0.1,5,1000,0.9,0.0692112216610915,0.00746626591248613,0.1,0.0111111111111111,0.0958810071522841,0.0106528179349715,0.00963423035727889,0.0481711517863945,0.9,0.671963932123752,0.73885133847569
"EUR-AFR",1.17190072043947,194,0.0196617061252824,0.0387794057910818,"model4a_pooled","EUR",0.1,1,1000,0.1,0.116311646240568,0.0131640474438181,0.1,0.0111111111111111,0.0936721293003042,0.0103361866175528,0.00892948858602802,0.00892948858602802,0.1,1.18476426994363,1.16311646240568
"EUR-ASN",0.942865157653438,194,0.0178190333677751,0.0351450439433242,"model4a_pooled","EUR",0.1,1,1000,0.1,0.116311646240568,0.0131640474438181,0.1,0.0111111111111111,0.0936721293003042,0.0103361866175528,0.00892948858602802,0.00892948858602802,0.1,1.18476426994363,0.936721293003042
"AFR-EUR",0.876451951348886,197,0.0147259002649051,0.0290415549385032,"model4a_pooled","EUR",0.1,1,1000,0.1,0.116311646240568,0.0131640474438181,0.1,0.0111111111111111,0.0936721293003042,0.0103361866175528,0.00892948858602802,0.00892948858602802,0.1,1.18476426994363,0.860630759742316
"AFR-ASN",0.821480378286687,198,0.0145603353887103,0.0287141321448587,"model4a_pooled","EUR",0.1,1,1000,0.1,0.116311646240568,0.0131640474438181,0.1,0.0111111111111111,0.0936721293003042,0.0103361866175528,0.00892948858602802,0.00892948858602802,0.1,1.18476426994363,0.8060078334228
"ASN-EUR",1.08950167062638,194,0.0205528781348212,0.0405370925740776,"model4a_pooled","EUR",0.1,1,1000,0.1,0.116311646240568,0.0131640474438181,0.1,0.0111111111111111,0.0936721293003042,0.0103361866175528,0.00892948858602802,0.00892948858602802,0.1,1.18476426994363,1.0683103122056
"ASN-AFR",1.26746137779052,196,0.0219568707283626,0.0433034294036542,"model4a_pooled","EUR",0.1,1,1000,0.1,0.116311646240568,0.0131640474438181,0.1,0.0111111111111111,0.0936721293003042,0.0103361866175528,0.00892948858602802,0.00892948858602802,0.1,1.18476426994363,1.24231988499034
"EUR-AFR",1.25777112726406,196,0.0209528954387554,0.0413233852701174,"model4a_pooled","EUR",0.1,10,1000,0.1,0.122932240445744,0.014022747319593,0.1,0.0111111111111111,0.092934877597133,0.0102479702815964,0.00860320650976915,0.0860320650976915,0.1,1.26204725876337,1.22932240445744
"EUR-ASN",0.965216837641569,195,0.0173090705260935,0.0341381178177885,"model4a_pooled","EUR",0.1,10,1000,0.1,0.122932240445744,0.014022747319593,0.1,0.0111111111111111,0.092934877597133,0.0102479702815964,0.00860320650976915,0.0860320650976915,0.1,1.26204725876337,0.929348775971329
"AFR-EUR",0.819229095384756,196,0.013543974391526,0.0267114811652436,"model4a_pooled","EUR",0.1,10,1000,0.1,0.122932240445744,0.014022747319593,0.1,0.0111111111111111,0.092934877597133,0.0102479702815964,0.00860320650976915,0.0860320650976915,0.1,1.26204725876337,0.815805392060269
"AFR-ASN",0.767600471299175,192,0.0119786751302446,0.0236274813821773,"model4a_pooled","EUR",0.1,10,1000,0.1,0.122932240445744,0.014022747319593,0.1,0.0111111111111111,0.092934877597133,0.0102479702815964,0.00860320650976915,0.0860320650976915,0.1,1.26204725876337,0.757407127143116
"ASN-EUR",1.0806880553766,198,0.0198543139766294,0.0391542763233664,"model4a_pooled","EUR",0.1,10,1000,0.1,0.122932240445744,0.014022747319593,0.1,0.0111111111111111,0.092934877597133,0.0102479702815964,0.00860320650976915,0.0860320650976915,0.1,1.26204725876337,1.07818483746065
"ASN-AFR",1.31939474629908,195,0.0210171932347272,0.0414515278428574,"model4a_pooled","EUR",0.1,10,1000,0.1,0.122932240445744,0.014022747319593,0.1,0.0111111111111111,0.092934877597133,0.0102479702815964,0.00860320650976915,0.0860320650976915,0.1,1.26204725876337,1.32410177026559
"EUR-AFR",1.18844591424057,197,0.0182340281685886,0.0359600785882205,"model4a_pooled","EUR",0.1,2,1000,0.1,0.11644265638272,0.0131806179920429,0.1,0.0111111111111111,0.0934631797509265,0.0103106207893553,0.00890054414352937,0.0178010882870587,0.1,1.18625561928386,1.1644265638272
"EUR-ASN",0.925203763653123,198,0.0164894581244907,0.0325185146456767,"model4a_pooled","EUR",0.1,2,1000,0.1,0.11644265638272,0.0131806179920429,0.1,0.0111111111111111,0.0934631797509265,0.0103106207893553,0.00890054414352937,0.0178010882870587,0.1,1.18625561928386,0.934631797509265
"AFR-EUR",0.862001455313495,196,0.0127557880515365,0.0251570168723619,"model4a_pooled","EUR",0.1,2,1000,0.1,0.11644265638272,0.0131806179920429,0.1,0.0111111111111111,0.0934631797509265,0.0103106207893553,0.00890054414352937,0.0178010882870587,0.1,1.18625561928386,0.859564130969598
"AFR-ASN",0.78259764094316,196,0.0126414622353279,0.0249315430344708,"model4a_pooled","EUR",0.1,2,1000,0.1,0.11644265638272,0.0131806179920429,0.1,0.0111111111111111,0.0934631797509265,0.0103106207893553,0.00890054414352937,0.0178010882870587,0.1,1.18625561928386,0.803151533504666
"ASN-EUR",1.12351432724395,195,0.0197136488653848,0.038880589605923,"model4a_pooled","EUR",0.1,2,1000,0.1,0.11644265638272,0.0131806179920429,0.1,0.0111111111111111,0.0934631797509265,0.0103106207893553,0.00890054414352937,0.0178010882870587,0.1,1.18625561928386,1.07058475116853
"ASN-AFR",1.28871150933448,190,0.0198437666714023,0.0391437164868102,"model4a_pooled","EUR",0.1,2,1000,0.1,0.11644265638272,0.0131806179920429,0.1,0.0111111111111111,0.0934631797509265,0.0103106207893553,0.00890054414352937,0.0178010882870587,0.1,1.18625561928386,1.24626934953934
"EUR-AFR",1.1958945160899,195,0.0186879498697135,0.0368576367785585,"model4a_pooled","EUR",0.1,5,1000,0.1,0.118114831769497,0.0133956518260984,0.1,0.0111111111111111,0.093049372372436,0.0102605380153671,0.00883261534821233,0.0441630767410617,0.1,1.20560866434886,1.18114831769497
"EUR-ASN",0.976897074620045,195,0.0165358228587364,0.0326130665488153,"model4a_pooled","EUR",0.1,5,1000,0.1,0.118114831769497,0.0133956518260984,0.1,0.0111111111111111,0.093049372372436,0.0102605380153671,0.00883261534821233,0.0441630767410617,0.1,1.20560866434886,0.93049372372436
"AFR-EUR",0.839939823385876,191,0.0125995013230386,0.0248528714388566,"model4a_pooled","EUR",0.1,5,1000,0.1,0.118114831769497,0.0133956518260984,0.1,0.0111111111111111,0.093049372372436,0.0102605380153671,0.00883261534821233,0.0441630767410617,0.1,1.20560866434886,0.847546782683868
"AFR-ASN",0.821286807227374,195,0.0132826232647963,0.0261968866126779,"model4a_pooled","EUR",0.1,5,1000,0.1,0.118114831769497,0.0133956518260984,0.1,0.0111111111111111,0.093049372372436,0.0102605380153671,0.00883261534821233,0.0441630767410617,0.1,1.20560866434886,0.788330871154634
"ASN-EUR",1.05675839277135,197,0.0176633601937663,0.034834640751191,"model4a_pooled","EUR",0.1,5,1000,0.1,0.118114831769497,0.0133956518260984,0.1,0.0111111111111111,0.093049372372436,0.0102605380153671,0.00883261534821233,0.0441630767410617,0.1,1.20560866434886,1.07558277140802
"ASN-AFR",1.24105715950452,193,0.0193755343034118,0.0382162358774141,"model4a_pooled","EUR",0.1,5,1000,0.1,0.118114831769497,0.0133956518260984,0.1,0.0111111111111111,0.093049372372436,0.0102605380153671,0.00883261534821233,0.0441630767410617,0.1,1.20560866434886,1.26993104271067
"EUR-AFR",1.15832419174568,195,0.0177500416596966,0.0350078308673999,"model4a_pooled","EUR",0.1,1,1000,0.2,0.115543041784571,0.0130656877671734,0.1,0.0111111111111111,0.0930377105397662,0.0102591923461144,0.00941885873953237,0.00941885873953237,0.2,1.17591189904561,1.15543041784571
"EUR-ASN",0.93091686179309,197,0.0165753984810038,0.032689026609862,"model4a_pooled","EUR",0.1,1,1000,0.2,0.115543041784571,0.0130656877671734,0.1,0.0111111111111111,0.0930377105397662,0.0102591923461144,0.00941885873953237,0.00941885873953237,0.2,1.17591189904561,0.930377105397662
"AFR-EUR",0.877640325048497,194,0.0133969777201896,0.0264232835174598,"model4a_pooled","EUR",0.1,1,1000,0.2,0.115543041784571,0.0130656877671734,0.1,0.0111111111111111,0.0930377105397662,0.0102591923461144,0.00941885873953237,0.00941885873953237,0.2,1.17591189904561,0.866352147392052
"AFR-ASN",0.814909803002162,199,0.0143194410189504,0.0282381879622164,"model4a_pooled","EUR",0.1,1,1000,0.2,0.115543041784571,0.0130656877671734,0.1,0.0111111111111111,0.0930377105397662,0.0102591923461144,0.00941885873953237,0.00941885873953237,0.2,1.17591189904561,0.805775312437215
"ASN-EUR",1.11257283408188,195,0.0189803019093322,0.0374342332143826,"model4a_pooled","EUR",0.1,1,1000,0.2,0.115543041784571,0.0130656877671734,0.1,0.0111111111111111,0.0930377105397662,0.0102591923461144,0.00941885873953237,0.00941885873953237,0.2,1.17591189904561,1.07577851576459
"ASN-AFR",1.28397616203467,197,0.0216150886670946,0.0426280073702573,"model4a_pooled","EUR",0.1,1,1000,0.2,0.115543041784571,0.0130656877671734,0.1,0.0111111111111111,0.0930377105397662,0.0102591923461144,0.00941885873953237,0.00941885873953237,0.2,1.17591189904561,1.24258529390197
"EUR-AFR",1.33163163569544,196,0.0218343490092093,0.0430617915727716,"model4a_pooled","EUR",0.1,10,1000,0.2,0.129176772401362,0.0148459257197747,0.1,0.0111111111111111,0.0918939870554834,0.0101230428203815,0.00870171110601081,0.0870171110601081,0.2,1.33613331477972,1.29176772401361
"EUR-ASN",0.91970022294884,196,0.0164623223561504,0.0324670588440868,"model4a_pooled","EUR",0.1,10,1000,0.2,0.129176772401362,0.0148459257197747,0.1,0.0111111111111111,0.0918939870554834,0.0101230428203815,0.00870171110601081,0.0870171110601081,0.2,1.33613331477972,0.918939870554833
"AFR-EUR",0.766820227802964,194,0.0123178392193849,0.0242948644697521,"model4a_pooled","EUR",0.1,10,1000,0.2,0.129176772401362,0.0148459257197747,0.1,0.0111111111111111,0.0918939870554834,0.0101230428203815,0.00870171110601081,0.0870171110601081,0.2,1.33613331477972,0.777823530054125
"AFR-ASN",0.696431425760882,194,0.0120375252400339,0.0237419923291096,"model4a_pooled","EUR",0.1,10,1000,0.2,0.129176772401362,0.0148459257197747,0.1,0.0111111111111111,0.0918939870554834,0.0101230428203815,0.00870171110601081,0.0870171110601081,0.2,1.33613331477972,0.713912615526329
"ASN-EUR",1.12240497078437,195,0.0203771683017173,0.0401892274474387,"model4a_pooled","EUR",0.1,10,1000,0.2,0.129176772401362,0.0148459257197747,0.1,0.0111111111111111,0.0918939870554834,0.0101230428203815,0.00870171110601081,0.0870171110601081,0.2,1.33613331477972,1.0918174523159
"ASN-AFR",1.45092215499372,191,0.0248793213709983,0.0490751625533617,"model4a_pooled","EUR",0.1,10,1000,0.2,0.129176772401362,0.0148459257197747,0.1,0.0111111111111111,0.0918939870554834,0.0101230428203815,0.00870171110601081,0.0870171110601081,0.2,1.33613331477972,1.40862668466628
"EUR-AFR",1.25401692633483,199,0.0213570915230638,0.0421165577592315,"model4a_pooled","EUR",0.1,2,1000,0.2,0.116951765932815,0.0132465404810747,0.1,0.0111111111111111,0.0936421660047144,0.0103328571119331,0.00943739068689431,0.0188747813737886,0.2,1.19218864329672,1.16951765932815
"EUR-ASN",1.00084291028639,197,0.0179097098194507,0.0353204770029442,"model4a_pooled","EUR",0.1,2,1000,0.2,0.116951765932815,0.0132465404810747,0.1,0.0111111111111111,0.0936421660047144,0.0103328571119331,0.00943739068689431,0.0188747813737886,0.2,1.19218864329672,0.936421660047144
"AFR-EUR",0.823352703045837,194,0.0134680540575814,0.0265634696290972,"model4a_pooled","EUR",0.1,2,1000,0.2,0.116951765932815,0.0132465404810747,0.1,0.0111111111111111,0.0936421660047144,0.0103328571119331,0.00943739068689431,0.0188747813737886,0.2,1.19218864329672,0.856104588937335
"AFR-ASN",0.808961426910097,195,0.0130469968748934,0.0257321683340528,"model4a_pooled","EUR",0.1,2,1000,0.2,0.116951765932815,0.0132465404810747,0.1,0.0111111111111111,0.0936421660047144,0.0103328571119331,0.00943739068689431,0.0188747813737886,0.2,1.19218864329672,0.801261909494739
"ASN-EUR",1.05010151031545,198,0.0196842054498163,0.0388188088641713,"model4a_pooled","EUR",0.1,2,1000,0.2,0.116951765932815,0.0132465404810747,0.1,0.0111111111111111,0.0936421660047144,0.0103328571119331,0.00943739068689431,0.0188747813737886,0.2,1.19218864329672,1.06894553434356
"ASN-AFR",1.26906660603714,195,0.0205956335620025,0.0406200993872965,"model4a_pooled","EUR",0.1,2,1000,0.2,0.116951765932815,0.0132465404810747,0.1,0.0111111111111111,0.0936421660047144,0.0103328571119331,0.00943739068689431,0.0188747813737886,0.2,1.19218864329672,1.24950456699341
"EUR-AFR",1.16089147616644,195,0.0180802661991327,0.0356591220049915,"model4a_pooled","EUR",0.1,5,1000,0.2,0.120076515531251,0.0136488506550581,0.1,0.0111111111111111,0.0931655043743409,0.0102748069288555,0.00926335163069037,0.0463167581534519,0.2,1.22839655895523,1.20076515531251
"EUR-ASN",0.916851693375222,197,0.0159973120857475,0.0315489586000949,"model4a_pooled","EUR",0.1,5,1000,0.2,0.120076515531251,0.0136488506550581,0.1,0.0111111111111111,0.0931655043743409,0.0102748069288555,0.00926335163069037,0.0463167581534519,0.2,1.22839655895523,0.931655043743409
"AFR-EUR",0.880938675737828,194,0.0138186199175064,0.0272549017790798,"model4a_pooled","EUR",0.1,5,1000,0.2,0.120076515531251,0.0136488506550581,0.1,0.0111111111111111,0.0931655043743409,0.0102748069288555,0.00926335163069037,0.0463167581534519,0.2,1.22839655895523,0.833833696758613
"AFR-ASN",0.793417594042282,197,0.0133599544604945,0.0263477169110689,"model4a_pooled","EUR",0.1,5,1000,0.2,0.120076515531251,0.0136488506550581,0.1,0.0111111111111111,0.0931655043743409,0.0102748069288555,0.00926335163069037,0.0463167581534519,0.2,1.22839655895523,0.776541280837111
"ASN-EUR",1.12820408651305,196,0.0192679537007807,0.0380003363483324,"model4a_pooled","EUR",0.1,5,1000,0.2,0.120076515531251,0.0136488506550581,0.1,0.0111111111111111,0.0931655043743409,0.0102748069288555,0.00926335163069037,0.0463167581534519,0.2,1.22839655895523,1.07438353840955
"ASN-AFR",1.30687934818111,197,0.0219553404625877,0.0432990319618937,"model4a_pooled","EUR",0.1,5,1000,0.2,0.120076515531251,0.0136488506550581,0.1,0.0111111111111111,0.0931655043743409,0.0102748069288555,0.00926335163069037,0.0463167581534519,0.2,1.22839655895523,1.28958090683812
"EUR-AFR",1.19633200434925,198,0.01901610609,0.0375012641241966,"model4a_pooled","EUR",0.1,1,1000,0.3,0.116138145676221,0.0131424906787162,0.1,0.0111111111111111,0.0930090174102984,0.0102561388322976,0.0100893987948313,0.0100893987948313,0.3,1.18282416108446,1.16138145676221
"EUR-ASN",0.987731701725772,197,0.0169172913329275,0.0333632875965322,"model4a_pooled","EUR",0.1,1,1000,0.3,0.116138145676221,0.0131424906787162,0.1,0.0111111111111111,0.0930090174102984,0.0102561388322976,0.0100893987948313,0.0100893987948313,0.3,1.18282416108446,0.930090174102984
"AFR-EUR",0.864685337700766,197,0.013497388649464,0.0266187565404013,"model4a_pooled","EUR",0.1,1,1000,0.3,0.116138145676221,0.0131424906787162,0.1,0.0111111111111111,0.0930090174102984,0.0102561388322976,0.0100893987948313,0.0100893987948313,0.3,1.18282416108446,0.862209174937038
"AFR-ASN",0.83199314439678,195,0.0126124580785593,0.0248751415743958,"model4a_pooled","EUR",0.1,1,1000,0.3,0.116138145676221,0.0131424906787162,0.1,0.0111111111111111,0.0930090174102984,0.0102561388322976,0.0100893987948313,0.0100893987948313,0.3,1.18282416108446,0.801589306042073
"ASN-EUR",1.0419529086252,194,0.0171221324728974,0.0337705242334665,"model4a_pooled","EUR",0.1,1,1000,0.3,0.116138145676221,0.0131424906787162,0.1,0.0111111111111111,0.0930090174102984,0.0102561388322976,0.0100893987948313,0.0100893987948313,0.3,1.18282416108446,1.07652752423707
"ASN-AFR",1.21723335876958,193,0.0182972183472616,0.0360893692689739,"model4a_pooled","EUR",0.1,1,1000,0.3,0.116138145676221,0.0131424906787162,0.1,0.0111111111111111,0.0930090174102984,0.0102561388322976,0.0100893987948313,0.0100893987948313,0.3,1.18282416108446,1.24971812925461
"EUR-AFR",1.41096425585434,198,0.0229995085494008,0.0453568485974827,"model4a_pooled","EUR",0.1,10,1000,0.3,0.136510961538092,0.0158236190966037,0.1,0.0111111111111111,0.0913426819201474,0.0100576528172911,0.00886113798761444,0.0886113798761444,0.3,1.42412571869433,1.36510961538092
"EUR-ASN",0.954808815772799,196,0.0182815363924417,0.0360549201365851,"model4a_pooled","EUR",0.1,10,1000,0.3,0.136510961538092,0.0158236190966037,0.1,0.0111111111111111,0.0913426819201474,0.0100576528172911,0.00886113798761444,0.0886113798761444,0.3,1.42412571869433,0.913426819201474
"AFR-EUR",0.73428895933589,196,0.0123034983032395,0.0242650091984233,"model4a_pooled","EUR",0.1,10,1000,0.3,0.136510961538092,0.0158236190966037,0.1,0.0111111111111111,0.0913426819201474,0.0100576528172911,0.00886113798761444,0.0886113798761444,0.3,1.42412571869433,0.736203535006559
"AFR-ASN",0.687627569575211,197,0.0119018176731533,0.0234720652459315,"model4a_pooled","EUR",0.1,10,1000,0.3,0.136510961538092,0.0158236190966037,0.1,0.0111111111111111,0.0913426819201474,0.0100576528172911,0.00886113798761444,0.0886113798761444,0.3,1.42412571869433,0.671209334624527
"ASN-EUR",1.08948761934897,195,0.0204910921883199,0.0404139158301707,"model4a_pooled","EUR",0.1,10,1000,0.3,0.136510961538092,0.0158236190966037,0.1,0.0111111111111111,0.0913426819201474,0.0100576528172911,0.00886113798761444,0.0886113798761444,0.3,1.42412571869433,1.09983783547581
"ASN-AFR",1.50104767028225,195,0.0252243514260021,0.0497491693479457,"model4a_pooled","EUR",0.1,10,1000,0.3,0.136510961538092,0.0158236190966037,0.1,0.0111111111111111,0.0913426819201474,0.0100576528172911,0.00886113798761444,0.0886113798761444,0.3,1.42412571869433,1.49860106130402
"EUR-AFR",1.20931390064288,192,0.0203524019186158,0.0401443391849349,"model4a_pooled","EUR",0.1,2,1000,0.3,0.117370114691208,0.0133002073613145,0.1,0.0111111111111111,0.0933039867394514,0.0102917243851551,0.0100583279339706,0.0201166558679413,0.3,1.19701866251831,1.17370114691208
"EUR-ASN",0.992634931972539,196,0.0175190891737551,0.0345512186430129,"model4a_pooled","EUR",0.1,2,1000,0.3,0.117370114691208,0.0133002073613145,0.1,0.0111111111111111,0.0933039867394514,0.0102917243851551,0.0100583279339706,0.0201166558679413,0.3,1.19701866251831,0.933039867394514
"AFR-EUR",0.849531930731092,198,0.0145067280512623,0.0286084142386209,"model4a_pooled","EUR",0.1,2,1000,0.3,0.117370114691208,0.0133002073613145,0.1,0.0111111111111111,0.0933039867394514,0.0102917243851551,0.0100583279339706,0.0201166558679413,0.3,1.19701866251831,0.853065303752063
"AFR-ASN",0.814190303653917,192,0.0122117975929686,0.0240873065788613,"model4a_pooled","EUR",0.1,2,1000,0.3,0.117370114691208,0.0133002073613145,0.1,0.0111111111111111,0.0933039867394514,0.0102917243851551,0.0100583279339706,0.0201166558679413,0.3,1.19701866251831,0.795732970219238
"ASN-EUR",1.0401925671097,195,0.0182743379975571,0.036041883512014,"model4a_pooled","EUR",0.1,2,1000,0.3,0.117370114691208,0.0133002073613145,0.1,0.0111111111111111,0.0933039867394514,0.0102917243851551,0.0100583279339706,0.0201166558679413,0.3,1.19701866251831,1.07284978413343
"ASN-AFR",1.2477218558492,196,0.0185259663927519,0.0365369859734484,"model4a_pooled","EUR",0.1,2,1000,0.3,0.117370114691208,0.0133002073613145,0.1,0.0111111111111111,0.0933039867394514,0.0102917243851551,0.0100583279339706,0.0201166558679413,0.3,1.19701866251831,1.25887281708734
"EUR-AFR",1.24219529305166,196,0.0224273758237459,0.0442313614589115,"model4a_pooled","EUR",0.1,5,1000,0.3,0.122544026728872,0.013969947683808,0.1,0.0111111111111111,0.0925329863185676,0.010198332844472,0.00975213034059953,0.0487606517029976,0.3,1.25729529154272,1.22544026728872
"EUR-ASN",0.92682528202147,191,0.0160285497558762,0.0316167661100762,"model4a_pooled","EUR",0.1,5,1000,0.3,0.122544026728872,0.013969947683808,0.1,0.0111111111111111,0.0925329863185676,0.010198332844472,0.00975213034059953,0.0487606517029976,0.3,1.25729529154272,0.925329863185676
"AFR-EUR",0.83530123502212,195,0.0153822049493118,0.0303378234010519,"model4a_pooled","EUR",0.1,5,1000,0.3,0.122544026728872,0.013969947683808,0.1,0.0111111111111111,0.0925329863185676,0.010198332844472,0.00975213034059953,0.0487606517029976,0.3,1.25729529154272,0.817533912796287
"AFR-ASN",0.76370920534573,195,0.0130616524912451,0.0257610731303533,"model4a_pooled","EUR",0.1,5,1000,0.3,0.122544026728872,0.013969947683808,0.1,0.0111111111111111,0.0925329863185676,0.010198332844472,0.00975213034059953,0.0487606517029976,0.3,1.25729529154272,0.756129182778814
"ASN-EUR",1.10857956637092,197,0.0191090887561891,0.0376858216444792,"model4a_pooled","EUR",0.1,5,1000,0.3,0.122544026728872,0.013969947683808,0.1,0.0111111111111111,0.0925329863185676,0.010198332844472,0.00975213034059953,0.0487606517029976,0.3,1.25729529154272,1.08209943053702
"ASN-AFR",1.32434947703979,192,0.0214042217214877,0.0422190137661842,"model4a_pooled","EUR",0.1,5,1000,0.3,0.122544026728872,0.013969947683808,0.1,0.0111111111111111,0.0925329863185676,0.010198332844472,0.00975213034059953,0.0487606517029976,0.3,1.25729529154272,1.32541498335615
"EUR-AFR",1.19290294220287,196,0.0200770970296504,0.0395961320995862,"model4a_pooled","EUR",0.1,1,1000,0.4,0.116255637217527,0.0131577731638734,0.1,0.0111111111111111,0.0935273864589069,0.0103190564556037,0.0108842250095801,0.0108842250095801,0.4,1.18419958474861,1.16255637217527
"EUR-ASN",0.982899468535278,197,0.0173920391016531,0.034299557241128,"model4a_pooled","EUR",0.1,1,1000,0.4,0.116255637217527,0.0131577731638734,0.1,0.0111111111111111,0.0935273864589069,0.0103190564556037,0.0108842250095801,0.0108842250095801,0.4,1.18419958474861,0.935273864589069
"AFR-EUR",0.860390160892228,194,0.0145180168897244,0.0286343445813411,"model4a_pooled","EUR",0.1,1,1000,0.4,0.116255637217527,0.0131577731638734,0.1,0.0111111111111111,0.0935273864589069,0.0103190564556037,0.0108842250095801,0.0108842250095801,0.4,1.18419958474861,0.86142995157246
"AFR-ASN",0.825333726359411,192,0.0135965422511712,0.0268186627826991,"model4a_pooled","EUR",0.1,1,1000,0.4,0.116255637217527,0.0131577731638734,0.1,0.0111111111111111,0.0935273864589069,0.0103190564556037,0.0108842250095801,0.0108842250095801,0.4,1.18419958474861,0.805365049132226
"ASN-EUR",1.06396811316177,198,0.0190420591648059,0.0375524456388835,"model4a_pooled","EUR",0.1,1,1000,0.4,0.116255637217527,0.0131577731638734,0.1,0.0111111111111111,0.0935273864589069,0.0103190564556037,0.0108842250095801,0.0108842250095801,0.4,1.18419958474861,1.07042431434771
"ASN-AFR",1.2311405650676,195,0.0198650116740269,0.0391791175590483,"model4a_pooled","EUR",0.1,1,1000,0.4,0.116255637217527,0.0131577731638734,0.1,0.0111111111111111,0.0935273864589069,0.0103190564556037,0.0108842250095801,0.0108842250095801,0.4,1.18419958474861,1.24394446471367
"EUR-AFR",1.45410790876453,196,0.0236796225398709,0.0467010475056409,"model4a_pooled","EUR",0.1,10,1000,0.4,0.145117528934365,0.0169998118462052,0.1,0.0111111111111111,0.0908930271868718,0.0100054642311858,0.0090106080948046,0.090106080948046,0.4,1.52998306615847,1.45117528934365
"EUR-ASN",0.91306187052663,196,0.0156266568917558,0.0308189560297027,"model4a_pooled","EUR",0.1,10,1000,0.4,0.145117528934365,0.0169998118462052,0.1,0.0111111111111111,0.0908930271868718,0.0100054642311858,0.0090106080948046,0.090106080948046,0.4,1.52998306615847,0.908930271868718
"AFR-EUR",0.704441823740777,195,0.0112752853057899,0.0222378791292099,"model4a_pooled","EUR",0.1,10,1000,0.4,0.145117528934365,0.0169998118462052,0.1,0.0111111111111111,0.0908930271868718,0.0100054642311858,0.0090106080948046,0.090106080948046,0.4,1.52998306615847,0.694082615729455
"AFR-ASN",0.634336689651663,195,0.0100540707010368,0.0198293172139401,"model4a_pooled","EUR",0.1,10,1000,0.4,0.145117528934365,0.0169998118462052,0.1,0.0111111111111111,0.0908930271868718,0.0100054642311858,0.0090106080948046,0.090106080948046,0.4,1.52998306615847,0.628734983541036
"ASN-EUR",1.13438044252248,197,0.0196464551295378,0.038745584020495,"model4a_pooled","EUR",0.1,10,1000,0.4,0.145117528934365,0.0169998118462052,0.1,0.0111111111111111,0.0908930271868718,0.0100054642311858,0.0090106080948046,0.090106080948046,0.4,1.52998306615847,1.10747060766619
"ASN-AFR",1.59218015815244,192,0.0246061721173592,0.0485347392151607,"model4a_pooled","EUR",0.1,10,1000,0.4,0.145117528934365,0.0169998118462052,0.1,0.0111111111111111,0.0908930271868718,0.0100054642311858,0.0090106080948046,0.090106080948046,0.4,1.52998306615847,1.60173538524231
"EUR-AFR",1.2104088123599,197,0.0197366803367299,0.0389235208708316,"model4a_pooled","EUR",0.1,2,1000,0.4,0.118062730768674,0.0133895476753335,0.1,0.0111111111111111,0.0929414387961704,0.0102479492491904,0.0108257232485919,0.0216514464971838,0.4,1.20505929078002,1.18062730768674
"EUR-ASN",0.944392451655225,198,0.0165825778202296,0.0327021540452751,"model4a_pooled","EUR",0.1,2,1000,0.4,0.118062730768674,0.0133895476753335,0.1,0.0111111111111111,0.0929414387961704,0.0102479492491904,0.0108257232485919,0.0216514464971838,0.4,1.20505929078002,0.929414387961704
"AFR-EUR",0.862469922010606,200,0.0141063544017823,0.0278171178781291,"model4a_pooled","EUR",0.1,2,1000,0.4,0.118062730768674,0.0133895476753335,0.1,0.0111111111111111,0.0929414387961704,0.0102479492491904,0.0108257232485919,0.0216514464971838,0.4,1.20505929078002,0.848176414063033
"AFR-ASN",0.787063308192298,196,0.0134585277122495,0.0265429628782071,"model4a_pooled","EUR",0.1,2,1000,0.4,0.118062730768674,0.0133895476753335,0.1,0.0111111111111111,0.0929414387961704,0.0102479492491904,0.0108257232485919,0.0216514464971838,0.4,1.20505929078002,0.788138411149851
"ASN-EUR",1.11774682401766,199,0.020706061974004,0.0408327161098978,"model4a_pooled","EUR",0.1,2,1000,0.4,0.118062730768674,0.0133895476753335,0.1,0.0111111111111111,0.0929414387961704,0.0102479492491904,0.0108257232485919,0.0216514464971838,0.4,1.20505929078002,1.07732714306061
"ASN-AFR",1.30333424297419,194,0.0220856443143377,0.0435602158615266,"model4a_pooled","EUR",0.1,2,1000,0.4,0.118062730768674,0.0133895476753335,0.1,0.0111111111111111,0.0929414387961704,0.0102479492491904,0.0108257232485919,0.0216514464971838,0.4,1.20505929078002,1.27166647745632
"EUR-AFR",1.29266777799644,196,0.0208395415726037,0.0410998283160661,"model4a_pooled","EUR",0.1,5,1000,0.4,0.125694961733052,0.0143829276096524,0.1,0.0111111111111111,0.0920155760470409,0.0101358696001251,0.0103216094690075,0.0516080473450376,0.4,1.29446348486872,1.25694961733052
"EUR-ASN",0.936705483154531,193,0.0149267510878794,0.0294414714724744,"model4a_pooled","EUR",0.1,5,1000,0.4,0.125694961733052,0.0143829276096524,0.1,0.0111111111111111,0.0920155760470409,0.0101358696001251,0.0103216094690075,0.0516080473450376,0.4,1.29446348486872,0.920155760470409
"AFR-EUR",0.795786442747271,195,0.0123916022673756,0.0244395548286161,"model4a_pooled","EUR",0.1,5,1000,0.4,0.125694961733052,0.0143829276096524,0.1,0.0111111111111111,0.0920155760470409,0.0101358696001251,0.0103216094690075,0.0516080473450376,0.4,1.29446348486872,0.797710506514957
"AFR-ASN",0.74967000402466,197,0.0119233227609992,0.0235144763161478,"model4a_pooled","EUR",0.1,5,1000,0.4,0.125694961733052,0.0143829276096524,0.1,0.0111111111111111,0.0920155760470409,0.0101358696001251,0.0103216094690075,0.0516080473450376,0.4,1.29446348486872,0.733355352618179
"ASN-EUR",1.08544025608055,196,0.0178743583378905,0.0352518819278115,"model4a_pooled","EUR",0.1,5,1000,0.4,0.125694961733052,0.0143829276096524,0.1,0.0111111111111111,0.0920155760470409,0.0101358696001251,0.0103216094690075,0.0516080473450376,0.4,1.29446348486872,1.08850771717559
"ASN-AFR",1.36461106347477,195,0.0217453456572795,0.0428876392246283,"model4a_pooled","EUR",0.1,5,1000,0.4,0.125694961733052,0.0143829276096524,0.1,0.0111111111111111,0.0920155760470409,0.0101358696001251,0.0103216094690075,0.0516080473450376,0.4,1.29446348486872,1.36698360506936
"EUR-AFR",1.19135226303989,195,0.0170931677512037,0.0337122997846789,"model4a_pooled","EUR",0.1,1,1000,0.5,0.116967530369212,0.013249795110905,0.1,0.0111111111111111,0.0930905654673701,0.0102661974502534,0.0119080126904978,0.0119080126904978,0.5,1.19248155998145,1.16967530369212
"EUR-ASN",0.984975338134922,196,0.0170618099256143,0.0336493706572687,"model4a_pooled","EUR",0.1,1,1000,0.5,0.116967530369212,0.013249795110905,0.1,0.0111111111111111,0.0930905654673701,0.0102661974502534,0.0119080126904978,0.0119080126904978,0.5,1.19248155998145,0.9309056546737
"AFR-EUR",0.838644037464307,190,0.0113461504577462,0.0223813605596746,"model4a_pooled","EUR",0.1,1,1000,0.5,0.116967530369212,0.013249795110905,0.1,0.0111111111111111,0.0930905654673701,0.0102661974502534,0.0119080126904978,0.0119080126904978,0.5,1.19248155998145,0.856525036650659
"AFR-ASN",0.839890916962408,199,0.0150423297995519,0.0296637372720944,"model4a_pooled","EUR",0.1,1,1000,0.5,0.116967530369212,0.013249795110905,0.1,0.0111111111111111,0.0930905654673701,0.0102661974502534,0.0119080126904978,0.0119080126904978,0.5,1.19248155998145,0.797022729502585
"ASN-EUR",1.04828172948853,196,0.0182595374511782,0.0360115337355015,"model4a_pooled","EUR",0.1,1,1000,0.5,0.116967530369212,0.013249795110905,0.1,0.0111111111111111,0.0930905654673701,0.0102661974502534,0.0119080126904978,0.0119080126904978,0.5,1.19248155998145,1.07570643068044
"ASN-AFR",1.25881068556063,199,0.0224984257540291,0.044367288810748,"model4a_pooled","EUR",0.1,1,1000,0.5,0.116967530369212,0.013249795110905,0.1,0.0111111111111111,0.0930905654673701,0.0102661974502534,0.0119080126904978,0.0119080126904978,0.5,1.19248155998145,1.25771362941675
"EUR-AFR",1.56616438137915,197,0.0283014174193215,0.0558143919241081,"model4a_pooled","EUR",0.1,10,1000,0.5,0.152273811004181,0.0179951739768536,0.1,0.0111111111111111,0.0895486417853225,0.00984534189789488,0.00913089199000081,0.0913089199000081,0.5,1.61956565791683,1.52273811004181
"EUR-ASN",0.926066055640614,196,0.018970116161407,0.0374129399465599,"model4a_pooled","EUR",0.1,10,1000,0.5,0.152273811004181,0.0179951739768536,0.1,0.0111111111111111,0.0895486417853225,0.00984534189789488,0.00913089199000081,0.0913089199000081,0.5,1.61956565791683,0.895486417853225
"AFR-EUR",0.669467063980561,198,0.0119921656790907,0.0236494985053328,"model4a_pooled","EUR",0.1,10,1000,0.5,0.152273811004181,0.0179951739768536,0.1,0.0111111111111111,0.0895486417853225,0.00984534189789488,0.00913089199000081,0.0913089199000081,0.5,1.61956565791683,0.662273196774905
"AFR-ASN",0.604991763200302,198,0.0110401189361058,0.0217719870843152,"model4a_pooled","EUR",0.1,10,1000,0.5,0.152273811004181,0.0179951739768536,0.1,0.0111111111111111,0.0895486417853225,0.00984534189789488,0.00913089199000081,0.0913089199000081,0.5,1.61956565791683,0.590886792255742
"ASN-EUR",1.115199276907,192,0.0217188371566094,0.0428395807533557,"model4a_pooled","EUR",0.1,10,1000,0.5,0.152273811004181,0.0179951739768536,0.1,0.0111111111111111,0.0895486417853225,0.00984534189789488,0.00913089199000081,0.0913089199000081,0.5,1.61956565791683,1.12680167882219
"ASN-AFR",1.72690465181609,196,0.0304998627648147,0.0601519529078991,"model4a_pooled","EUR",0.1,10,1000,0.5,0.152273811004181,0.0179951739768536,0.1,0.0111111111111111,0.0895486417853225,0.00984534189789488,0.00913089199000081,0.0913089199000081,0.5,1.61956565791683,1.70953357115459
"EUR-AFR",1.20020123106951,195,0.0194667686823662,0.0383936758365176,"model4a_pooled","EUR",0.1,2,1000,0.5,0.118970870279134,0.0135068743100644,0.1,0.0111111111111111,0.092908885456145,0.0102443114730747,0.0118271984341675,0.0236543968683349,0.5,1.2156186879058,1.18970870279134
"EUR-ASN",0.93576959449657,197,0.0174074044505855,0.0343298598791428,"model4a_pooled","EUR",0.1,2,1000,0.5,0.118970870279134,0.0135068743100644,0.1,0.0111111111111111,0.092908885456145,0.0102443114730747,0.0118271984341675,0.0236543968683349,0.5,1.2156186879058,0.92908885456145
"AFR-EUR",0.843233967510123,193,0.0134088126822439,0.0264474950871658,"model4a_pooled","EUR",0.1,2,1000,0.5,0.118970870279134,0.0135068743100644,0.1,0.0111111111111111,0.092908885456145,0.0102443114730747,0.0118271984341675,0.0236543968683349,0.5,1.2156186879058,0.841844638472124
"AFR-ASN",0.781404659113798,195,0.0144545154672343,0.0285081715552325,"model4a_pooled","EUR",0.1,2,1000,0.5,0.118970870279134,0.0135068743100644,0.1,0.0111111111111111,0.092908885456145,0.0102443114730747,0.0118271984341675,0.0236543968683349,0.5,1.2156186879058,0.781756239862325
"ASN-EUR",1.11655760656892,196,0.0203916061969316,0.0402164083534591,"model4a_pooled","EUR",0.1,2,1000,0.5,0.118970870279134,0.0135068743100644,0.1,0.0111111111111111,0.092908885456145,0.0102443114730747,0.0118271984341675,0.0236543968683349,0.5,1.2156186879058,1.07800136762858
"ASN-AFR",1.33463070370328,198,0.0244364055199751,0.0481905229868522,"model4a_pooled","EUR",0.1,2,1000,0.5,0.118970870279134,0.0135068743100644,0.1,0.0111111111111111,0.092908885456145,0.0102443114730747,0.0118271984341675,0.0236543968683349,0.5,1.2156186879058,1.28185629049058
"EUR-AFR",1.31180797792082,194,0.020923531247439,0.041268143448826,"model4a_pooled","EUR",0.1,5,1000,0.5,0.129968739197307,0.0149441467151422,0.1,0.0111111111111111,0.091663289555936,0.0100935820010516,0.0110197908171671,0.0550989540858357,0.5,1.3449732043628,1.29968739197307
"EUR-ASN",0.90859302892056,191,0.0156008872071944,0.0307731896804148,"model4a_pooled","EUR",0.1,5,1000,0.5,0.129968739197307,0.0149441467151422,0.1,0.0111111111111111,0.091663289555936,0.0100935820010516,0.0110197908171671,0.0550989540858357,0.5,1.3449732043628,0.91663289555936
"AFR-EUR",0.781869470091849,197,0.0133153820517895,0.026259813826513,"model4a_pooled","EUR",0.1,5,1000,0.5,0.129968739197307,0.0149441467151422,0.1,0.0111111111111111,0.091663289555936,0.0100935820010516,0.0110197908171671,0.0550989540858357,0.5,1.3449732043628,0.771161557561969
"AFR-ASN",0.717719809820341,199,0.012669609872499,0.0249846921059355,"model4a_pooled","EUR",0.1,5,1000,0.5,0.129968739197307,0.0149441467151422,0.1,0.0111111111111111,0.091663289555936,0.0100935820010516,0.0110197908171671,0.0550989540858357,0.5,1.3449732043628,0.706400583002118
"ASN-EUR",1.09891235723231,191,0.0194477574115076,0.0383612495709238,"model4a_pooled","EUR",0.1,5,1000,0.5,0.129968739197307,0.0149441467151422,0.1,0.0111111111111111,0.091663289555936,0.0100935820010516,0.0110197908171671,0.0550989540858357,0.5,1.3449732043628,1.09316542733168
"ASN-AFR",1.46197282648223,197,0.0253254818108952,0.0499454266377187,"model4a_pooled","EUR",0.1,5,1000,0.5,0.129968739197307,0.0149441467151422,0.1,0.0111111111111111,0.091663289555936,0.0100935820010516,0.0110197908171671,0.0550989540858357,0.5,1.3449732043628,1.41980778327212
"EUR-AFR",1.18361086106523,195,0.0193500066121868,0.0381633897964655,"model4a_pooled","EUR",0.1,1,1000,0.6,0.117041190686813,0.013259886567352,0.1,0.0111111111111111,0.093355152220087,0.0102989779025021,0.0133187960510493,0.0133187960510493,0.6,1.19338979106168,1.17041190686813
"EUR-ASN",0.926593679263876,195,0.0168141533724419,0.0331620087843235,"model4a_pooled","EUR",0.1,1,1000,0.6,0.117041190686813,0.013259886567352,0.1,0.0111111111111111,0.093355152220087,0.0102989779025021,0.0133187960510493,0.0133187960510493,0.6,1.19338979106168,0.93355152220087
"AFR-EUR",0.864344410638461,195,0.0137287769033308,0.0270768209485029,"model4a_pooled","EUR",0.1,1,1000,0.6,0.117041190686813,0.013259886567352,0.1,0.0111111111111111,0.093355152220087,0.0102989779025021,0.0133187960510493,0.0133187960510493,0.6,1.19338979106168,0.856227908019402
"AFR-ASN",0.785756538236969,195,0.0122373621669949,0.0241353520864129,"model4a_pooled","EUR",0.1,1,1000,0.6,0.117041190686813,0.013259886567352,0.1,0.0111111111111111,0.093355152220087,0.0102989779025021,0.0133187960510493,0.0133187960510493,0.6,1.19338979106168,0.798874296365966
"ASN-EUR",1.11866166972037,197,0.0200860200384539,0.0396124680969648,"model4a_pooled","EUR",0.1,1,1000,0.6,0.117041190686813,0.013259886567352,0.1,0.0111111111111111,0.093355152220087,0.0102989779025021,0.0133187960510493,0.0133187960510493,0.6,1.19338979106168,1.07319527382211
"ASN-AFR",1.30634808873992,197,0.0216184899564673,0.042634715193236,"model4a_pooled","EUR",0.1,1,1000,0.6,0.117041190686813,0.013259886567352,0.1,0.0111111111111111,0.093355152220087,0.0102989779025021,0.0133187960510493,0.0133187960510493,0.6,1.19338979106168,1.25535869080473
"EUR-AFR",1.62637537342743,195,0.0267606103511635,0.0527790829476812,"model4a_pooled","EUR",0.1,10,1000,0.6,0.161504954036178,0.0193139171417106,0.1,0.0111111111111111,0.0880891782008231,0.00967412066157856,0.00927249537233149,0.0927249537233149,0.6,1.73825254275395,1.61504954036178
"EUR-ASN",0.896680433957988,195,0.0166844511732156,0.0329062013478851,"model4a_pooled","EUR",0.1,10,1000,0.6,0.161504954036178,0.0193139171417106,0.1,0.0111111111111111,0.0880891782008231,0.00967412066157856,0.00927249537233149,0.0927249537233149,0.6,1.73825254275395,0.880891782008231
"AFR-EUR",0.629027133743545,195,0.0102812025660577,0.0202772820169357,"model4a_pooled","EUR",0.1,10,1000,0.6,0.161504954036178,0.0193139171417106,0.1,0.0111111111111111,0.0880891782008231,0.00967412066157856,0.00927249537233149,0.0927249537233149,0.6,1.73825254275395,0.626485860079082
"AFR-ASN",0.550410324343195,192,0.00937651134257039,0.0184948122198412,"model4a_pooled","EUR",0.1,10,1000,0.6,0.161504954036178,0.0193139171417106,0.1,0.0111111111111111,0.0880891782008231,0.00967412066157856,0.00927249537233149,0.0927249537233149,0.6,1.73825254275395,0.548715581064958
"ASN-EUR",1.15244205616662,195,0.0212820270477706,0.0419738509738527,"model4a_pooled","EUR",0.1,10,1000,0.6,0.161504954036178,0.0193139171417106,0.1,0.0111111111111111,0.0880891782008231,0.00967412066157856,0.00927249537233149,0.0927249537233149,0.6,1.73825254275395,1.15050536872149
"ASN-AFR",1.85027276824577,196,0.0314860163666357,0.0620968490365834,"model4a_pooled","EUR",0.1,10,1000,0.6,0.161504954036178,0.0193139171417106,0.1,0.0111111111111111,0.0880891782008231,0.00967412066157856,0.00927249537233149,0.0927249537233149,0.6,1.73825254275395,1.84738514764472
"EUR-AFR",1.24187176301252,200,0.0215099080504036,0.0424166039462467,"model4a_pooled","EUR",0.1,2,1000,0.6,0.119446558242667,0.013569250973506,0.1,0.0111111111111111,0.0932632775776613,0.0102878164532473,0.0131161557840643,0.0262323115681285,0.6,1.22123258761554,1.19446558242667
"EUR-ASN",0.967265332032034,198,0.0174961622892291,0.0345038148221748,"model4a_pooled","EUR",0.1,2,1000,0.6,0.119446558242667,0.013569250973506,0.1,0.0111111111111111,0.0932632775776613,0.0102878164532473,0.0131161557840643,0.0262323115681285,0.6,1.22123258761554,0.932632775776613
"AFR-EUR",0.844817633910418,197,0.014248160716008,0.0280993850809052,"model4a_pooled","EUR",0.1,2,1000,0.6,0.119446558242667,0.013569250973506,0.1,0.0111111111111111,0.0932632775776613,0.0102878164532473,0.0131161557840643,0.0262323115681285,0.6,1.22123258761554,0.838926288735169
"AFR-ASN",0.793962162933074,197,0.0123787003796038,0.0244125452892202,"model4a_pooled","EUR",0.1,2,1000,0.6,0.119446558242667,0.013569250973506,0.1,0.0111111111111111,0.0932632775776613,0.0102878164532473,0.0131161557840643,0.0262323115681285,0.6,1.22123258761554,0.78204572446614
"ASN-EUR",1.08301978189886,197,0.019023500898134,0.0375170303015349,"model4a_pooled","EUR",0.1,2,1000,0.6,0.119446558242667,0.013569250973506,0.1,0.0111111111111111,0.0932632775776613,0.0102878164532473,0.0131161557840643,0.0262323115681285,0.6,1.22123258761554,1.07425998984984
"ASN-AFR",1.29771509751556,197,0.0207049528727864,0.040833091052992,"model4a_pooled","EUR",0.1,2,1000,0.6,0.119446558242667,0.013569250973506,0.1,0.0111111111111111,0.0932632775776613,0.0102878164532473,0.0131161557840643,0.0262323115681285,0.6,1.22123258761554,1.28258393858528
"EUR-AFR",1.38782982785122,195,0.0230446869523423,0.0454502878746238,"model4a_pooled","EUR",0.1,5,1000,0.6,0.135154255514977,0.0156371286309537,0.1,0.0111111111111111,0.0913378188278985,0.010054510724169,0.0118753916027635,0.0593769580138176,0.6,1.40734157678583,1.35154255514977
"EUR-ASN",0.945985867139852,199,0.0174193945050767,0.0343513504173372,"model4a_pooled","EUR",0.1,5,1000,0.6,0.135154255514977,0.0156371286309537,0.1,0.0111111111111111,0.0913378188278985,0.010054510724169,0.0118753916027635,0.0593769580138176,0.6,1.40734157678583,0.913378188278985
"AFR-EUR",0.743501488673085,197,0.0127083224000999,0.0250626064634081,"model4a_pooled","EUR",0.1,5,1000,0.6,0.135154255514977,0.0156371286309537,0.1,0.0111111111111111,0.0913378188278985,0.010054510724169,0.0118753916027635,0.0593769580138176,0.6,1.40734157678583,0.742441141512432
"AFR-ASN",0.684100369528071,198,0.0118937917613078,0.0234554973646027,"model4a_pooled","EUR",0.1,5,1000,0.6,0.135154255514977,0.0156371286309537,0.1,0.0111111111111111,0.0913378188278985,0.010054510724169,0.0118753916027635,0.0593769580138176,0.6,1.40734157678583,0.677596265129936
"ASN-EUR",1.12372496090253,199,0.0211209053274571,0.0416507944534715,"model4a_pooled","EUR",0.1,5,1000,0.6,0.135154255514977,0.0156371286309537,0.1,0.0111111111111111,0.0913378188278985,0.010054510724169,0.0118753916027635,0.0593769580138176,0.6,1.40734157678583,1.09740258359185
"ASN-AFR",1.54495445701705,200,0.027776192441189,0.0547734444587987,"model4a_pooled","EUR",0.1,5,1000,0.6,0.135154255514977,0.0156371286309537,0.1,0.0111111111111111,0.0913378188278985,0.010054510724169,0.0118753916027635,0.0593769580138176,0.6,1.40734157678583,1.48203379673903
"EUR-AFR",1.21849523582143,199,0.020481330587667,0.0403895418882229,"model4a_pooled","EUR",0.1,1,1000,0.7,0.118497280717635,0.0134480367064305,0.1,0.0111111111111111,0.0930678184164185,0.0102644134497403,0.0154239048838997,0.0154239048838997,0.7,1.21032330357874,1.18497280717635
"EUR-ASN",0.960046324155307,195,0.018175730342266,0.0358474028350192,"model4a_pooled","EUR",0.1,1,1000,0.7,0.118497280717635,0.0134480367064305,0.1,0.0111111111111111,0.0930678184164185,0.0102644134497403,0.0154239048838997,0.0154239048838997,0.7,1.21032330357874,0.930678184164185
"AFR-EUR",0.861021979911264,198,0.0147946379230795,0.0291761952604493,"model4a_pooled","EUR",0.1,1,1000,0.7,0.118497280717635,0.0134480367064305,0.1,0.0111111111111111,0.0930678184164185,0.0102644134497403,0.0154239048838997,0.0154239048838997,0.7,1.21032330357874,0.846131083644552
"AFR-ASN",0.799736702822558,195,0.0129622579389859,0.0255650404820169,"model4a_pooled","EUR",0.1,1,1000,0.7,0.118497280717635,0.0134480367064305,0.1,0.0111111111111111,0.0930678184164185,0.0102644134497403,0.0154239048838997,0.0154239048838997,0.7,1.21032330357874,0.786914415140179
"ASN-EUR",1.0777749697925,194,0.0204003727829346,0.0402363014378234,"model4a_pooled","EUR",0.1,1,1000,0.7,0.118497280717635,0.0134480367064305,0.1,0.0111111111111111,0.0930678184164185,0.0102644134497403,0.0154239048838997,0.0154239048838997,0.7,1.21032330357874,1.07688146926893
"ASN-AFR",1.27382348441748,194,0.0209537448390065,0.0413277346725142,"model4a_pooled","EUR",0.1,1,1000,0.7,0.118497280717635,0.0134480367064305,0.1,0.0111111111111111,0.0930678184164185,0.0102644134497403,0.0154239048838997,0.0154239048838997,0.7,1.21032330357874,1.27518790942959
"EUR-AFR",1.74931586808324,196,0.0285320638875811,0.0562710519901375,"model4a_pooled","EUR",0.1,10,1000,0.7,0.169395244030756,0.0204502975278976,0.1,0.0111111111111111,0.0872937120589625,0.00957721361044454,0.00944402000713296,0.0944402000713296,0.7,1.84052677751078,1.69395244030756
"EUR-ASN",0.901363389839908,194,0.0172940300672092,0.0341095633037207,"model4a_pooled","EUR",0.1,10,1000,0.7,0.169395244030756,0.0204502975278976,0.1,0.0111111111111111,0.0872937120589625,0.00957721361044454,0.00944402000713296,0.0944402000713296,0.7,1.84052677751078,0.872937120589625
"AFR-EUR",0.586786862454667,196,0.00948840758782882,0.0187130758848022,"model4a_pooled","EUR",0.1,10,1000,0.7,0.169395244030756,0.0204502975278976,0.1,0.0111111111111111,0.0872937120589625,0.00957721361044454,0.00944402000713296,0.0944402000713296,0.7,1.84052677751078,0.596998842873365
"AFR-ASN",0.528305549576856,198,0.00983146753986785,0.0193884310066473,"model4a_pooled","EUR",0.1,10,1000,0.7,0.169395244030756,0.0204502975278976,0.1,0.0111111111111111,0.0872937120589625,0.00957721361044454,0.00944402000713296,0.0944402000713296,0.7,1.84052677751078,0.518551476382315
"ASN-EUR",1.11985673800225,190,0.0203162691676322,0.0400757725857356,"model4a_pooled","EUR",0.1,10,1000,0.7,0.169395244030756,0.0204502975278976,0.1,0.0111111111111111,0.0872937120589625,0.00957721361044454,0.00944402000713296,0.0944402000713296,0.7,1.84052677751078,1.16012217579378
"ASN-AFR",1.94528188171781,191,0.0342943952274448,0.0676466610708264,"model4a_pooled","EUR",0.1,10,1000,0.7,0.169395244030756,0.0204502975278976,0.1,0.0111111111111111,0.0872937120589625,0.00957721361044454,0.00944402000713296,0.0944402000713296,0.7,1.84052677751078,1.95537633525425
"EUR-AFR",1.25770832772532,196,0.0221822461639959,0.0437479157508665,"model4a_pooled","EUR",0.1,2,1000,0.7,0.122044368911709,0.0139067963029716,0.1,0.0111111111111111,0.0924607016751685,0.0101910174167605,0.0149708030284891,0.0299416060569782,0.7,1.25161166726744,1.22044368911709
"EUR-ASN",0.95291903759473,193,0.0165694406785804,0.0326815066574937,"model4a_pooled","EUR",0.1,2,1000,0.7,0.122044368911709,0.0139067963029716,0.1,0.0111111111111111,0.0924607016751685,0.0101910174167605,0.0149708030284891,0.0299416060569782,0.7,1.25161166726744,0.924607016751685
"AFR-EUR",0.823666065040653,196,0.0144116438002471,0.0284227022882851,"model4a_pooled","EUR",0.1,2,1000,0.7,0.122044368911709,0.0139067963029716,0.1,0.0111111111111111,0.0924607016751685,0.0101910174167605,0.0149708030284891,0.0299416060569782,0.7,1.25161166726744,0.821492796623448
"AFR-ASN",0.778887773047213,197,0.0128895342748894,0.0254199818715352,"model4a_pooled","EUR",0.1,2,1000,0.7,0.122044368911709,0.0139067963029716,0.1,0.0111111111111111,0.0924607016751685,0.0101910174167605,0.0149708030284891,0.0299416060569782,0.7,1.25161166726744,0.75892001251886
"ASN-EUR",1.07474702064905,196,0.0189765457366569,0.0374256203809157,"model4a_pooled","EUR",0.1,2,1000,0.7,0.122044368911709,0.0139067963029716,0.1,0.0111111111111111,0.0924607016751685,0.0101910174167605,0.0149708030284891,0.0299416060569782,0.7,1.25161166726744,1.08435376084159
"ASN-AFR",1.33876483634214,199,0.0222021972277868,0.0437831209795646,"model4a_pooled","EUR",0.1,2,1000,0.7,0.122044368911709,0.0139067963029716,0.1,0.0111111111111111,0.0924607016751685,0.0101910174167605,0.0149708030284891,0.0299416060569782,0.7,1.25161166726744,1.32226201885171
"EUR-AFR",1.41578353613745,192,0.0246925892760182,0.0487051937758793,"model4a_pooled","EUR",0.1,5,1000,0.7,0.141212511170637,0.0164559653546472,0.1,0.0111111111111111,0.0901831692246281,0.00991656304323058,0.0129271797118317,0.0646358985591583,0.7,1.48103688191824,1.41212511170637
"EUR-ASN",0.874491944297701,193,0.0148215765010135,0.0292340254863645,"model4a_pooled","EUR",0.1,5,1000,0.7,0.141212511170637,0.0164559653546472,0.1,0.0111111111111111,0.0901831692246281,0.00991656304323058,0.0129271797118317,0.0646358985591583,0.7,1.48103688191824,0.901831692246281
"AFR-EUR",0.709465667400303,191,0.0118656775733834,0.0234053834120397,"model4a_pooled","EUR",0.1,5,1000,0.7,0.141212511170637,0.0164559653546472,0.1,0.0111111111111111,0.0901831692246281,0.00991656304323058,0.0129271797118317,0.0646358985591583,0.7,1.48103688191824,0.711083797947573
"AFR-ASN",0.635912482846919,199,0.0117250130773093,0.0231219307163132,"model4a_pooled","EUR",0.1,5,1000,0.7,0.141212511170637,0.0164559653546472,0.1,0.0111111111111111,0.0901831692246281,0.00991656304323058,0.0129271797118317,0.0646358985591583,0.7,1.48103688191824,0.640500026549296
"ASN-EUR",1.16883078320587,195,0.0211674567270083,0.0417478876500158,"model4a_pooled","EUR",0.1,5,1000,0.7,0.141212511170637,0.0164559653546472,0.1,0.0111111111111111,0.0901831692246281,0.00991656304323058,0.0129271797118317,0.0646358985591583,0.7,1.48103688191824,1.11335680303427
"ASN-AFR",1.66578334044409,198,0.031142154530461,0.0614147900162122,"model4a_pooled","EUR",0.1,5,1000,0.7,0.141212511170637,0.0164559653546472,0.1,0.0111111111111111,0.0901831692246281,0.00991656304323058,0.0129271797118317,0.0646358985591583,0.7,1.48103688191824,1.57033803880394
"EUR-AFR",1.17186268827008,192,0.0180575412509089,0.0356178137460712,"model4a_pooled","EUR",0.1,1,1000,0.8,0.118212211231695,0.0134129319304897,0.1,0.0111111111111111,0.0927576348166781,0.0102278223646601,0.0186009404900991,0.0186009404900991,0.8,1.20716387374408,1.18212211231695
"EUR-ASN",0.933197842771616,199,0.0169975364542854,0.0335194389680108,"model4a_pooled","EUR",0.1,1,1000,0.8,0.118212211231695,0.0134129319304897,0.1,0.0111111111111111,0.0927576348166781,0.0102278223646601,0.0186009404900991,0.0186009404900991,0.8,1.20716387374408,0.927576348166781
"AFR-EUR",0.865229640672342,196,0.0137960089844322,0.0272085448104329,"model4a_pooled","EUR",0.1,1,1000,0.8,0.118212211231695,0.0134129319304897,0.1,0.0111111111111111,0.0927576348166781,0.0102278223646601,0.0186009404900991,0.0186009404900991,0.8,1.20716387374408,0.848825171132719
"AFR-ASN",0.786233873420468,196,0.013576482486856,0.0267755937625524,"model4a_pooled","EUR",0.1,1,1000,0.8,0.118212211231695,0.0134129319304897,0.1,0.0111111111111111,0.0927576348166781,0.0102278223646601,0.0186009404900991,0.0186009404900991,0.8,1.20716387374408,0.786700231569218
"ASN-EUR",1.1264775918925,197,0.0199774821166375,0.039398415987237,"model4a_pooled","EUR",0.1,1,1000,0.8,0.118212211231695,0.0134129319304897,0.1,0.0111111111111111,0.0927576348166781,0.0102278223646601,0.0186009404900991,0.0186009404900991,0.8,1.20716387374408,1.08157031490759
"ASN-AFR",1.29863780275347,193,0.0218583157929772,0.0431132653761362,"model4a_pooled","EUR",0.1,1,1000,0.8,0.118212211231695,0.0134129319304897,0.1,0.0111111111111111,0.0927576348166781,0.0102278223646601,0.0186009404900991,0.0186009404900991,0.8,1.20716387374408,1.27752142462384
"EUR-AFR",1.78230027532231,197,0.0305673381572587,0.0602831076164129,"model4a_pooled","EUR",0.1,10,1000,0.8,0.17901227922171,0.0218919019300234,0.1,0.0111111111111111,0.0871937744991933,0.00956964757255888,0.0096309502281519,0.096309502281519,0.8,1.9702711737021,1.7901227922171
"EUR-ASN",0.891164900880948,196,0.0171292254085334,0.0337823277457999,"model4a_pooled","EUR",0.1,10,1000,0.8,0.17901227922171,0.0218919019300234,0.1,0.0111111111111111,0.0871937744991933,0.00956964757255888,0.0096309502281519,0.096309502281519,0.8,1.9702711737021,0.871937744991933
"AFR-EUR",0.578318312532004,195,0.00963726802374347,0.0190072708260212,"model4a_pooled","EUR",0.1,10,1000,0.8,0.17901227922171,0.0218919019300234,0.1,0.0111111111111111,0.0871937744991933,0.00956964757255888,0.0096309502281519,0.096309502281519,0.8,1.9702711737021,0.567020579131104
"AFR-ASN",0.503535195353812,193,0.00870348718453958,0.017166727584996,"model4a_pooled","EUR",0.1,10,1000,0.8,0.17901227922171,0.0218919019300234,0.1,0.0111111111111111,0.0871937744991933,0.00956964757255888,0.0096309502281519,0.096309502281519,0.8,1.9702711737021,0.491231443208839
"ASN-EUR",1.18575191586882,199,0.0226000766442322,0.0445677461428661,"model4a_pooled","EUR",0.1,10,1000,0.8,0.17901227922171,0.0218919019300234,0.1,0.0111111111111111,0.0871937744991933,0.00956964757255888,0.0096309502281519,0.096309502281519,0.8,1.9702711737021,1.166447112221
"ASN-AFR",2.03216116992052,195,0.0358264192376333,0.0706592834710601,"model4a_pooled","EUR",0.1,10,1000,0.8,0.17901227922171,0.0218919019300234,0.1,0.0111111111111111,0.0871937744991933,0.00956964757255888,0.0096309502281519,0.096309502281519,0.8,1.9702711737021,2.07436611542461
"EUR-AFR",1.28839741566332,195,0.0225734791553301,0.0445209400354771,"model4a_pooled","EUR",0.1,2,1000,0.8,0.126447686283697,0.0144840349842165,0.1,0.0111111111111111,0.0923864639183967,0.0101822954161066,0.0179675369936644,0.0359350739873287,0.8,1.30356314857948,1.26447686283697
"EUR-ASN",0.912467476163044,195,0.0166292671723231,0.0327973637346067,"model4a_pooled","EUR",0.1,2,1000,0.8,0.126447686283697,0.0144840349842165,0.1,0.0111111111111111,0.0923864639183967,0.0101822954161066,0.0179675369936644,0.0359350739873287,0.8,1.30356314857948,0.923864639183967
"AFR-EUR",0.790879678505696,193,0.0133269784444539,0.0262860855236792,"model4a_pooled","EUR",0.1,2,1000,0.8,0.126447686283697,0.0144840349842165,0.1,0.0111111111111111,0.0923864639183967,0.0101822954161066,0.0179675369936644,0.0359350739873287,0.8,1.30356314857948,0.793787365712853
"AFR-ASN",0.709711917083905,193,0.0119230132877371,0.0235169095746416,"model4a_pooled","EUR",0.1,2,1000,0.8,0.126447686283697,0.0144840349842165,0.1,0.0111111111111111,0.0923864639183967,0.0101822954161066,0.0179675369936644,0.0359350739873287,0.8,1.30356314857948,0.732561374167981
"ASN-EUR",1.12966066544302,195,0.020802019850442,0.0410271483631558,"model4a_pooled","EUR",0.1,2,1000,0.8,0.126447686283697,0.0144840349842165,0.1,0.0111111111111111,0.0923864639183967,0.0101822954161066,0.0179675369936644,0.0359350739873287,0.8,1.30356314857948,1.085492244561
"ASN-AFR",1.42895334340636,195,0.02390984668248,0.047156614320872,"model4a_pooled","EUR",0.1,2,1000,0.8,0.126447686283697,0.0144840349842165,0.1,0.0111111111111111,0.0923864639183967,0.0101822954161066,0.0179675369936644,0.0359350739873287,0.8,1.30356314857948,1.37110230440368
"EUR-AFR",1.57455194310575,197,0.0251801126184501,0.049658738060938,"model4a_pooled","EUR",0.1,5,1000,0.8,0.151150847084462,0.0178285845131381,0.1,0.0111111111111111,0.0900840882516705,0.00990762185154472,0.0144687330368907,0.0723436651844536,0.8,1.60457260618243,1.51150847084462
"EUR-ASN",0.889766126096247,194,0.0151950627819861,0.0299697036406162,"model4a_pooled","EUR",0.1,5,1000,0.8,0.151150847084462,0.0178285845131381,0.1,0.0111111111111111,0.0900840882516705,0.00990762185154472,0.0144687330368907,0.0723436651844536,0.8,1.60457260618243,0.900840882516705
"AFR-EUR",0.644995803661044,192,0.0101163081532556,0.0199540333090687,"model4a_pooled","EUR",0.1,5,1000,0.8,0.151150847084462,0.0178285845131381,0.1,0.0111111111111111,0.0900840882516705,0.00990762185154472,0.0144687330368907,0.0723436651844536,0.8,1.60457260618243,0.665371113265944
"AFR-ASN",0.572236789494637,194,0.00897458337635853,0.0177008550702619,"model4a_pooled","EUR",0.1,5,1000,0.8,0.151150847084462,0.0178285845131381,0.1,0.0111111111111111,0.0900840882516705,0.00990762185154472,0.0144687330368907,0.0723436651844536,0.8,1.60457260618243,0.597588788638294
"ASN-EUR",1.13349667657285,191,0.0185721169739953,0.0366340241306308,"model4a_pooled","EUR",0.1,5,1000,0.8,0.151150847084462,0.0178285845131381,0.1,0.0111111111111111,0.0900840882516705,0.00990762185154472,0.0144687330368907,0.0723436651844536,0.8,1.60457260618243,1.11768685836472
"ASN-AFR",1.76998232228757,194,0.0273515799773817,0.0539463875724507,"model4a_pooled","EUR",0.1,5,1000,0.8,0.151150847084462,0.0178285845131381,0.1,0.0111111111111111,0.0900840882516705,0.00990762185154472,0.0144687330368907,0.0723436651844536,0.8,1.60457260618243,1.68414616703793
"EUR-AFR",1.23454225013232,194,0.0199771084392404,0.0394014837655203,"model4a_pooled","EUR",0.1,1,1000,0.9,0.122915103017104,0.0140327983551495,0.1,0.0111111111111111,0.0927157382200383,0.0102255876599416,0.0259610350862458,0.0259610350862458,0.9,1.26295185196346,1.22915103017104
"EUR-ASN",0.972795268487531,200,0.0191843167316297,0.0378306389259356,"model4a_pooled","EUR",0.1,1,1000,0.9,0.122915103017104,0.0140327983551495,0.1,0.0111111111111111,0.0927157382200383,0.0102255876599416,0.0259610350862458,0.0259610350862458,0.9,1.26295185196346,0.927157382200382
"AFR-EUR",0.823874097874688,195,0.0131277887651621,0.0258915115561258,"model4a_pooled","EUR",0.1,1,1000,0.9,0.122915103017104,0.0140327983551495,0.1,0.0111111111111111,0.0927157382200383,0.0102255876599416,0.0259610350862458,0.0259610350862458,0.9,1.26295185196346,0.820258138449177
"AFR-ASN",0.776810297483995,197,0.0128713188885473,0.0253840585572614,"model4a_pooled","EUR",0.1,1,1000,0.9,0.122915103017104,0.0140327983551495,0.1,0.0111111111111111,0.0927157382200383,0.0102255876599416,0.0259610350862458,0.0259610350862458,0.9,1.26295185196346,0.758718958514791
"ASN-EUR",1.08311697224549,195,0.0196269912314456,0.0387096775680543,"model4a_pooled","EUR",0.1,1,1000,0.9,0.122915103017104,0.0140327983551495,0.1,0.0111111111111111,0.0927157382200383,0.0102255876599416,0.0259610350862458,0.0259610350862458,0.9,1.26295185196346,1.08477368795856
"ASN-AFR",1.34470096796664,199,0.0235985045991559,0.0465366635203361,"model4a_pooled","EUR",0.1,1,1000,0.9,0.122915103017104,0.0140327983551495,0.1,0.0111111111111111,0.0927157382200383,0.0102255876599416,0.0259610350862458,0.0259610350862458,0.9,1.26295185196346,1.3301350996845
"EUR-AFR",1.84476336788332,196,0.0288229925893486,0.0568448227543937,"model4a_pooled","EUR",0.1,10,1000,0.9,0.184017672154529,0.0226435394201013,0.1,0.0111111111111111,0.0853382331474623,0.00934745936731621,0.00975151521567776,0.0975151521567776,0.9,2.03791854780912,1.84017672154529
"EUR-ASN",0.847050638730642,193,0.0165380327975587,0.0326195578631667,"model4a_pooled","EUR",0.1,10,1000,0.9,0.184017672154529,0.0226435394201013,0.1,0.0111111111111111,0.0853382331474623,0.00934745936731621,0.00975151521567776,0.0975151521567776,0.9,2.03791854780912,0.853382331474623
"AFR-EUR",0.556335319427127,196,0.00886231385343436,0.0174782912853557,"model4a_pooled","EUR",0.1,10,1000,0.9,0.184017672154529,0.0226435394201013,0.1,0.0111111111111111,0.0853382331474623,0.00934745936731621,0.00975151521567776,0.0975151521567776,0.9,2.03791854780912,0.551753910645232
"AFR-ASN",0.46847215004005,196,0.00859445582199749,0.0169500205905911,"model4a_pooled","EUR",0.1,10,1000,0.9,0.184017672154529,0.0226435394201013,0.1,0.0111111111111111,0.0853382331474623,0.00934745936731621,0.00975151521567776,0.0975151521567776,0.9,2.03791854780912,0.467009827686865
"ASN-EUR",1.19331678675236,189,0.0231513708618045,0.0456698455765652,"model4a_pooled","EUR",0.1,10,1000,0.9,0.184017672154529,0.0226435394201013,0.1,0.0111111111111111,0.0853382331474623,0.00934745936731621,0.00975151521567776,0.0975151521567776,0.9,2.03791854780912,1.19389572007196
"ASN-AFR",2.20778266289891,195,0.0397251650994575,0.078348653352125,"model4a_pooled","EUR",0.1,10,1000,0.9,0.184017672154529,0.0226435394201013,0.1,0.0111111111111111,0.0853382331474623,0.00934745936731621,0.00975151521567776,0.0975151521567776,0.9,2.03791854780912,2.17918920032206
"EUR-AFR",1.35834759858621,195,0.0227044453703152,0.0447792404491574,"model4a_pooled","EUR",0.1,2,1000,0.9,0.134471562126002,0.0155530503678464,0.1,0.0111111111111111,0.0913619162694825,0.010061595192221,0.0239367243037974,0.0478734486075948,0.9,1.39977453310617,1.34471562126002
"EUR-ASN",0.912147818012893,197,0.0175351142988177,0.0345817217352538,"model4a_pooled","EUR",0.1,2,1000,0.9,0.134471562126002,0.0155530503678464,0.1,0.0111111111111111,0.0913619162694825,0.010061595192221,0.0239367243037974,0.0478734486075948,0.9,1.39977453310617,0.913619162694825
"AFR-EUR",0.752304431380471,194,0.0121390142615823,0.0239421623410552,"model4a_pooled","EUR",0.1,2,1000,0.9,0.134471562126002,0.0155530503678464,0.1,0.0111111111111111,0.0913619162694825,0.010061595192221,0.0239367243037974,0.0478734486075948,0.9,1.39977453310617,0.748114166287047
"AFR-ASN",0.665081699260444,191,0.0119747116923743,0.023620456284549,"model4a_pooled","EUR",0.1,2,1000,0.9,0.134471562126002,0.0155530503678464,0.1,0.0111111111111111,0.0913619162694825,0.010061595192221,0.0239367243037974,0.0478734486075948,0.9,1.39977453310617,0.68182256564791
"ASN-EUR",1.13712469418199,193,0.0213744805417045,0.0421589504241511,"model4a_pooled","EUR",0.1,2,1000,0.9,0.134471562126002,0.0155530503678464,0.1,0.0111111111111111,0.0913619162694825,0.010061595192221,0.0239367243037974,0.0478734486075948,0.9,1.39977453310617,1.10123757978413
"ASN-AFR",1.48935907782751,187,0.0256076364631222,0.0505187481336013,"model4a_pooled","EUR",0.1,2,1000,0.9,0.134471562126002,0.0155530503678464,0.1,0.0111111111111111,0.0913619162694825,0.010061595192221,0.0239367243037974,0.0478734486075948,0.9,1.39977453310617,1.47725231236781
"EUR-AFR",1.66255579545924,194,0.030546071223711,0.0602469838456381,"model4a_pooled","EUR",0.1,5,1000,0.9,0.166224465242575,0.0199786127337657,0.1,0.0111111111111111,0.0871190308485681,0.00955286072146982,0.0164772325274963,0.0823861626374815,0.9,1.79807514603891,1.66224465242575
"EUR-ASN",0.862750209953561,194,0.0167753604465601,0.0330865747816415,"model4a_pooled","EUR",0.1,5,1000,0.9,0.166224465242575,0.0199786127337657,0.1,0.0111111111111111,0.0871190308485681,0.00955286072146982,0.0164772325274963,0.0823861626374815,0.9,1.79807514603891,0.871190308485681
"AFR-EUR",0.618954494395803,195,0.0113138855121943,0.0223140090630521,"model4a_pooled","EUR",0.1,5,1000,0.9,0.166224465242575,0.0199786127337657,0.1,0.0111111111111111,0.0871190308485681,0.00955286072146982,0.0164772325274963,0.0823861626374815,0.9,1.79807514603891,0.606840994506448
"AFR-ASN",0.520099614411148,193,0.00904866336870772,0.0178475518795349,"model4a_pooled","EUR",0.1,5,1000,0.9,0.166224465242575,0.0199786127337657,0.1,0.0111111111111111,0.0871190308485681,0.00955286072146982,0.0164772325274963,0.0823861626374815,0.9,1.79807514603891,0.526857366608023
"ASN-EUR",1.18402265908556,192,0.0220959216163992,0.043583365517223,"model4a_pooled","EUR",0.1,5,1000,0.9,0.166224465242575,0.0199786127337657,0.1,0.0111111111111111,0.0871190308485681,0.00955286072146982,0.0164772325274963,0.0823861626374815,0.9,1.79807514603891,1.15886132172704
"ASN-AFR",1.94994873500825,193,0.0347358991965373,0.0685129656979419,"model4a_pooled","EUR",0.1,5,1000,0.9,0.166224465242575,0.0199786127337657,0.1,0.0111111111111111,0.0871190308485681,0.00955286072146982,0.0164772325274963,0.0823861626374815,0.9,1.79807514603891,1.91969765635529
"EUR-AFR",1.25420923764125,198,0.0205833276723652,0.0405919489480642,"model4b_random","EUR",0.1,1,1000,0.879015,0.121870419197044,0.0138951526418338,0.1,0.0111111111111111,0.0940768336103684,0.0103905678141499,0.0238835232322463,0.0238835232322463,0.879015,1.25056373776505,1.21870419197044
"EUR-ASN",0.95832955372667,198,0.0166488982052207,0.0328329430860282,"model4b_random","EUR",0.1,1,1000,0.879015,0.121870419197044,0.0138951526418338,0.1,0.0111111111111111,0.0940768336103684,0.0103905678141499,0.0238835232322463,0.0238835232322463,0.879015,1.25056373776505,0.940768336103684
"AFR-EUR",0.816290191246711,193,0.0131037825962385,0.025845854815783,"model4b_random","EUR",0.1,1,1000,0.879015,0.121870419197044,0.0138951526418338,0.1,0.0111111111111111,0.0940768336103684,0.0103905678141499,0.0238835232322463,0.0238835232322463,0.879015,1.25056373776505,0.826962683158736
"AFR-ASN",0.777349745995157,195,0.0146640542772436,0.0289214381470297,"model4b_random","EUR",0.1,1,1000,0.879015,0.121870419197044,0.0138951526418338,0.1,0.0111111111111111,0.0940768336103684,0.0103905678141499,0.0238835232322463,0.0238835232322463,0.879015,1.25056373776505,0.776311687670712
"ASN-EUR",1.08119605927657,195,0.0189090398011151,0.0372936852720427,"model4b_random","EUR",0.1,1,1000,0.879015,0.121870419197044,0.0138951526418338,0.1,0.0111111111111111,0.0940768336103684,0.0103905678141499,0.0238835232322463,0.0238835232322463,0.879015,1.25056373776505,1.06839532592595
"ASN-AFR",1.32261606811039,193,0.0243220511897454,0.0479727284282518,"model4b_random","EUR",0.1,1,1000,0.879015,0.121870419197044,0.0138951526418338,0.1,0.0111111111111111,0.0940768336103684,0.0103905678141499,0.0238835232322463,0.0238835232322463,0.879015,1.25056373776505,1.29926136094933
"EUR-AFR",1.83723368570632,198,0.0301968690804794,0.0595506123993676,"model4b_random","EUR",0.1,10,1000,0.88063,0.185586478130943,0.0228658414661217,0.1,0.0111111111111111,0.0869451671319835,0.00954308179167316,0.00979231550733775,0.0979231550733775,0.88063,2.05792573195095,1.85586478130943
"EUR-ASN",0.865274918273574,195,0.0157285454510844,0.0310208995279162,"model4b_random","EUR",0.1,10,1000,0.88063,0.185586478130943,0.0228658414661217,0.1,0.0111111111111111,0.0869451671319835,0.00954308179167316,0.00979231550733775,0.0979231550733775,0.88063,2.05792573195095,0.869451671319835
"AFR-EUR",0.565174470956688,197,0.00907704173625188,0.0179012081788091,"model4b_random","EUR",0.1,10,1000,0.88063,0.185586478130943,0.0228658414661217,0.1,0.0111111111111111,0.0869451671319835,0.00954308179167316,0.00979231550733775,0.0979231550733775,0.88063,2.05792573195095,0.545306225550659
"AFR-ASN",0.482278205664315,197,0.00789020737132349,0.0155606032044487,"model4b_random","EUR",0.1,10,1000,0.88063,0.185586478130943,0.0228658414661217,0.1,0.0111111111111111,0.0869451671319835,0.00954308179167316,0.00979231550733775,0.0979231550733775,0.88063,2.05792573195095,0.470068568243961
"ASN-EUR",1.2139400818096,199,0.0238252193867675,0.0469837490439901,"model4b_random","EUR",0.1,10,1000,0.88063,0.185586478130943,0.0228658414661217,0.1,0.0111111111111111,0.0869451671319835,0.00954308179167316,0.00979231550733775,0.0979231550733775,0.88063,2.05792573195095,1.1738367209893
"ASN-AFR",2.11259672057637,193,0.0333886207804443,0.0658555984772148,"model4b_random","EUR",0.1,10,1000,0.88063,0.185586478130943,0.0228658414661217,0.1,0.0111111111111111,0.0869451671319835,0.00954308179167316,0.00979231550733775,0.0979231550733775,0.88063,2.05792573195095,2.15970289460685
"EUR-AFR",1.37590902757341,198,0.0241222753633465,0.0475710334910873,"model4b_random","EUR",0.1,2,1000,0.87994,0.132467227930743,0.0152846339684092,0.1,0.0111111111111111,0.0926843708353651,0.0102207705187875,0.0222256902475248,0.0444513804950496,0.87994,1.37561705715683,1.32467227930743
"EUR-ASN",0.959810609361024,198,0.0186575713129084,0.0367942052074138,"model4b_random","EUR",0.1,2,1000,0.87994,0.132467227930743,0.0152846339684092,0.1,0.0111111111111111,0.0926843708353651,0.0102207705187875,0.0222256902475248,0.0444513804950496,0.87994,1.37561705715683,0.926843708353651
"AFR-EUR",0.751860860414623,194,0.0131907669539711,0.0260165674913571,"model4b_random","EUR",0.1,2,1000,0.87994,0.132467227930743,0.0152846339684092,0.1,0.0111111111111111,0.0926843708353651,0.0102207705187875,0.0222256902475248,0.0444513804950496,0.87994,1.37561705715683,0.759076807089499
"AFR-ASN",0.718250889582543,200,0.0134995911462499,0.0266206071055704,"model4b_random","EUR",0.1,2,1000,0.87994,0.132467227930743,0.0152846339684092,0.1,0.0111111111111111,0.0926843708353651,0.0102207705187875,0.0222256902475248,0.0444513804950496,0.87994,1.37561705715683,0.702323326083057
"ASN-EUR",1.10011669670441,197,0.0212310958291794,0.0418707192657817,"model4b_random","EUR",0.1,2,1000,0.87994,0.132467227930743,0.0152846339684092,0.1,0.0111111111111111,0.0926843708353651,0.0102207705187875,0.0222256902475248,0.0444513804950496,0.87994,1.37561705715683,1.08423200322144
"ASN-AFR",1.47658313496029,197,0.0272048089915793,0.0536517252397357,"model4b_random","EUR",0.1,2,1000,0.87994,0.132467227930743,0.0152846339684092,0.1,0.0111111111111111,0.0926843708353651,0.0102207705187875,0.0222256902475248,0.0444513804950496,0.87994,1.37561705715683,1.43372771289631
"EUR-AFR",1.68520111889098,199,0.0310151671920148,0.0611624517806685,"model4b_random","EUR",0.1,5,1000,0.88028,0.162909007937811,0.0195075518777418,0.1,0.0111111111111111,0.0870237779611362,0.00954263784233833,0.0160182454211916,0.0800912271059582,0.88028,1.75567966899676,1.62909007937811
"EUR-ASN",0.868152493709885,196,0.0173883268796811,0.034293328716887,"model4b_random","EUR",0.1,5,1000,0.88028,0.162909007937811,0.0195075518777418,0.1,0.0111111111111111,0.0870237779611362,0.00954263784233833,0.0160182454211916,0.0800912271059582,0.88028,1.75567966899676,0.870237779611362
"AFR-EUR",0.617847344333979,193,0.0111530149026761,0.0219981674616287,"model4b_random","EUR",0.1,5,1000,0.88028,0.162909007937811,0.0195075518777418,0.1,0.0111111111111111,0.0870237779611362,0.00954263784233833,0.0160182454211916,0.0800912271059582,0.88028,1.75567966899676,0.620125992378798
"AFR-ASN",0.519235847373413,192,0.00803469596703367,0.0158481323943098,"model4b_random","EUR",0.1,5,1000,0.88028,0.162909007937811,0.0195075518777418,0.1,0.0111111111111111,0.0870237779611362,0.00954263784233833,0.0160182454211916,0.0800912271059582,0.88028,1.75567966899676,0.53706516647143
"ASN-EUR",1.19515232337424,193,0.0230972074058191,0.0455568508464258,"model4b_random","EUR",0.1,5,1000,0.88028,0.162909007937811,0.0195075518777418,0.1,0.0111111111111111,0.0870237779611362,0.00954263784233833,0.0160182454211916,0.0800912271059582,0.88028,1.75567966899676,1.16156292191648
"ASN-AFR",1.95563259537431,193,0.0316762268733837,0.0624780787431784,"model4b_random","EUR",0.1,5,1000,0.88028,0.162909007937811,0.0195075518777418,0.1,0.0111111111111111,0.0870237779611362,0.00954263784233833,0.0160182454211916,0.0800912271059582,0.88028,1.75567966899676,1.88293102118106
"EUR-AFR",1.22842719411898,199,0.0212017338364958,0.0418101896860032,"model4b_random","EUR",0.1,1,2000,0.8808025,0.121084052872369,0.0137832195018585,0.1,0.0111111111111111,0.0930985368194207,0.0102689111467737,0.0169770997965778,0.0169770997965778,0.8808025,1.24048975516726,1.21084052872369
"EUR-ASN",0.914895387201443,196,0.0156479566063261,0.030860963413069,"model4b_random","EUR",0.1,1,2000,0.8808025,0.121084052872369,0.0137832195018585,0.1,0.0111111111111111,0.0930985368194207,0.0102689111467737,0.0169770997965778,0.0169770997965778,0.8808025,1.24048975516726,0.930985368194206
"AFR-EUR",0.839657968461745,193,0.0135478866040293,0.0267218040025287,"model4b_random","EUR",0.1,1,2000,0.8808025,0.121084052872369,0.0137832195018585,0.1,0.0111111111111111,0.0930985368194207,0.0102689111467737,0.0169770997965778,0.0169770997965778,0.8808025,1.24048975516726,0.82844968858361
"AFR-ASN",0.77535958374943,198,0.0144561705593934,0.0285087108689057,"model4b_random","EUR",0.1,1,2000,0.8808025,0.121084052872369,0.0137832195018585,0.1,0.0111111111111111,0.0930985368194207,0.0102689111467737,0.0169770997965778,0.0169770997965778,0.8808025,1.24048975516726,0.770697673444077
"ASN-EUR",1.13839465887779,198,0.0204620779269355,0.0403528348672514,"model4b_random","EUR",0.1,1,2000,0.8808025,0.121084052872369,0.0137832195018585,0.1,0.0111111111111111,0.0930985368194207,0.0102689111467737,0.0169770997965778,0.0169770997965778,0.8808025,1.24048975516726,1.07723481562012
"ASN-AFR",1.35385845343812,196,0.0254283715671689,0.0501499374219297,"model4b_random","EUR",0.1,1,2000,0.8808025,0.121084052872369,0.0137832195018585,0.1,0.0111111111111111,0.0930985368194207,0.0102689111467737,0.0169770997965778,0.0169770997965778,0.8808025,1.24048975516726,1.30339781772817
"EUR-AFR",1.85441415071024,194,0.029413580929273,0.0580133373653869,"model4b_random","EUR",0.1,10,2000,0.8801775,0.182956044300471,0.0224390544591277,0.1,0.0111111111111111,0.0849500587557718,0.00929321748841553,0.00687052497290221,0.0687052497290221,0.8801775,2.0195149013215,1.82956044300471
"EUR-ASN",0.878035335014852,196,0.0178346894875818,0.0351736468605234,"model4b_random","EUR",0.1,10,2000,0.8801775,0.182956044300471,0.0224390544591277,0.1,0.0111111111111111,0.0849500587557718,0.00929321748841553,0.00687052497290221,0.0687052497290221,0.8801775,2.0195149013215,0.849500587557718
"AFR-EUR",0.555744046170054,199,0.00915674357864552,0.0180572583771544,"model4b_random","EUR",0.1,10,2000,0.8801775,0.182956044300471,0.0224390544591277,0.1,0.0111111111111111,0.0849500587557718,0.00929321748841553,0.00687052497290221,0.0687052497290221,0.8801775,2.0195149013215,0.550746243605039
"AFR-ASN",0.471537920917797,196,0.00783270803974923,0.0154476985283963,"model4b_random","EUR",0.1,10,2000,0.8801775,0.182956044300471,0.0224390544591277,0.1,0.0111111111111111,0.0849500587557718,0.00929321748841553,0.00687052497290221,0.0687052497290221,0.8801775,2.0195149013215,0.465746277662125
"ASN-EUR",1.20907891316833,198,0.0249417366761856,0.0491870759651298,"model4b_random","EUR",0.1,10,2000,0.8801775,0.182956044300471,0.0224390544591277,0.1,0.0111111111111111,0.0849500587557718,0.00929321748841553,0.00687052497290221,0.0687052497290221,0.8801775,2.0195149013215,1.1890824646822
"ASN-AFR",2.1419327802686,190,0.033628061463606,0.0663345485627703,"model4b_random","EUR",0.1,10,2000,0.8801775,0.182956044300471,0.0224390544591277,0.1,0.0111111111111111,0.0849500587557718,0.00929321748841553,0.00687052497290221,0.0687052497290221,0.8801775,2.0195149013215,2.16572413598676
"EUR-AFR",1.37025043651398,197,0.0214402961616293,0.0422832918649915,"model4b_random","EUR",0.1,2,2000,0.880465,0.131618628505679,0.0151647248074744,0.1,0.0111111111111111,0.0910799706326698,0.0100236490415216,0.015746295706802,0.031492591413604,0.880465,1.36482523267269,1.31618628505679
"EUR-ASN",0.921965515736984,196,0.0164753997757767,0.0324928501840539,"model4b_random","EUR",0.1,2,2000,0.880465,0.131618628505679,0.0151647248074744,0.1,0.0111111111111111,0.0910799706326698,0.0100236490415216,0.015746295706802,0.031492591413604,0.880465,1.36482523267269,0.910799706326698
"AFR-EUR",0.750393744178487,196,0.0116117232325992,0.0229006876015401,"model4b_random","EUR",0.1,2,2000,0.880465,0.131618628505679,0.0151647248074744,0.1,0.0111111111111111,0.0910799706326698,0.0100236490415216,0.015746295706802,0.031492591413604,0.880465,1.36482523267269,0.762017474416097
"AFR-ASN",0.681835660211736,197,0.0109300088209239,0.0215555209488737,"model4b_random","EUR",0.1,2,2000,0.880465,0.131618628505679,0.0151647248074744,0.1,0.0111111111111111,0.0910799706326698,0.0100236490415216,0.015746295706802,0.031492591413604,0.880465,1.36482523267269,0.693537777685498
"ASN-EUR",1.13166297409929,198,0.0205240146936749,0.0404749790663582,"model4b_random","EUR",0.1,2,2000,0.880465,0.131618628505679,0.0151647248074744,0.1,0.0111111111111111,0.0910799706326698,0.0100236490415216,0.015746295706802,0.031492591413604,0.880465,1.36482523267269,1.10085155614747
"ASN-AFR",1.50345652293664,195,0.0238799128058804,0.0470975767079303,"model4b_random","EUR",0.1,2,2000,0.880465,0.131618628505679,0.0151647248074744,0.1,0.0111111111111111,0.0910799706326698,0.0100236490415216,0.015746295706802,0.031492591413604,0.880465,1.36482523267269,1.44788839612857
"EUR-AFR",1.64963784909425,197,0.0248619060096662,0.04903118969075,"model4b_random","EUR",0.1,5,2000,0.88124,0.164258109936896,0.019673512735077,0.1,0.0111111111111111,0.0882798010130593,0.00968803653544672,0.0113587111534305,0.0567935557671524,0.88124,1.77061614615693,1.64258109936896
"EUR-ASN",0.887861422502433,194,0.0165077564401918,0.0325587709233116,"model4b_random","EUR",0.1,5,2000,0.88124,0.164258109936896,0.019673512735077,0.1,0.0111111111111111,0.0882798010130593,0.00968803653544672,0.0113587111534305,0.0567935557671524,0.88124,1.77061614615693,0.882798010130593
"AFR-EUR",0.621331504154996,196,0.00933154436593126,0.0184037096030808,"model4b_random","EUR",0.1,5,2000,0.88124,0.164258109936896,0.019673512735077,0.1,0.0111111111111111,0.0882798010130593,0.00968803653544672,0.0113587111534305,0.0567935557671524,0.88124,1.77061614615693,0.611321294442097
"AFR-ASN",0.549285376057249,196,0.00998450465455164,0.0196914805296153,"model4b_random","EUR",0.1,5,2000,0.88124,0.164258109936896,0.019673512735077,0.1,0.0111111111111111,0.0882798010130593,0.00968803653544672,0.0113587111534305,0.0567935557671524,0.88124,1.77061614615693,0.538605301700383
"ASN-EUR",1.16462231306853,196,0.0216815968328841,0.042760533111783,"model4b_random","EUR",0.1,5,2000,0.88124,0.164258109936896,0.019673512735077,0.1,0.0111111111111111,0.0882798010130593,0.00968803653544672,0.0113587111534305,0.0567935557671524,0.88124,1.77061614615693,1.13846806172385
"ASN-AFR",1.88521543452025,195,0.0344768192497633,0.0679975112330108,"model4b_random","EUR",0.1,5,2000,0.88124,0.164258109936896,0.019673512735077,0.1,0.0111111111111111,0.0882798010130593,0.00968803653544672,0.0113587111534305,0.0567935557671524,0.88124,1.77061614615693,1.86630405820373
"EUR-AFR",1.23336663629267,195,0.0214903434314662,0.0423847066139205,"model4b_random","EUR",0.1,1,5000,0.880266,0.12068807481829,0.0137283163895836,0.1,0.0111111111111111,0.0927789507077435,0.0102278913132702,0.0106682023260191,0.0106682023260191,0.880266,1.23554847506252,1.2068807481829
"EUR-ASN",0.998814336627817,199,0.0188367302664941,0.0371463613108147,"model4b_random","EUR",0.1,1,5000,0.880266,0.12068807481829,0.0137283163895836,0.1,0.0111111111111111,0.0927789507077435,0.0102278913132702,0.0106682023260191,0.0106682023260191,0.880266,1.23554847506252,0.927789507077435
"AFR-EUR",0.839408743815534,197,0.0146407793436981,0.0288736844609651,"model4b_random","EUR",0.1,1,5000,0.880266,0.12068807481829,0.0137283163895836,0.1,0.0111111111111111,0.0927789507077435,0.0102278913132702,0.0106682023260191,0.0106682023260191,0.880266,1.23554847506252,0.829783024035116
"AFR-ASN",0.803545047645832,195,0.0124806696153717,0.0246152194672819,"model4b_random","EUR",0.1,1,5000,0.880266,0.12068807481829,0.0137283163895836,0.1,0.0111111111111111,0.0927789507077435,0.0102278913132702,0.0106682023260191,0.0106682023260191,0.880266,1.23554847506252,0.769698686605043
"ASN-EUR",1.05738902335247,197,0.019312002962445,0.0380859971150972,"model4b_random","EUR",0.1,1,5000,0.880266,0.12068807481829,0.0137283163895836,0.1,0.0111111111111111,0.0927789507077435,0.0102278913132702,0.0106682023260191,0.0106682023260191,0.880266,1.23554847506252,1.07893070566651
"ASN-AFR",1.25414345821764,192,0.0192025019764733,0.0378762052570233,"model4b_random","EUR",0.1,1,5000,0.880266,0.12068807481829,0.0137283163895836,0.1,0.0111111111111111,0.0927789507077435,0.0102278913132702,0.0106682023260191,0.0106682023260191,0.880266,1.23554847506252,1.30186161680899
"EUR-AFR",1.89162513100911,196,0.0296556857050969,0.0584870634907357,"model4b_random","EUR",0.1,10,5000,0.880047,0.184055494251499,0.0225744789645809,0.1,0.0111111111111111,0.0858352967760196,0.00939337717299209,0.00435822163372326,0.0435822163372326,0.880047,2.03170310681228,1.84055494251499
"EUR-ASN",0.885215899660321,194,0.0174774427215004,0.0344713138915211,"model4b_random","EUR",0.1,10,5000,0.880047,0.184055494251499,0.0225744789645809,0.1,0.0111111111111111,0.0858352967760196,0.00939337717299209,0.00435822163372326,0.0435822163372326,0.880047,2.03170310681228,0.858352967760196
"AFR-EUR",0.548715917785847,200,0.00855642952865435,0.0168729072044589,"model4b_random","EUR",0.1,10,5000,0.880047,0.184055494251499,0.0225744789645809,0.1,0.0111111111111111,0.0858352967760196,0.00939337717299209,0.00435822163372326,0.0435822163372326,0.880047,2.03170310681228,0.544824704621674
"AFR-ASN",0.476625778342782,196,0.00816109640860605,0.0160953473998452,"model4b_random","EUR",0.1,10,5000,0.880047,0.184055494251499,0.0225744789645809,0.1,0.0111111111111111,0.0858352967760196,0.00939337717299209,0.00435822163372326,0.0435822163372326,0.880047,2.03170310681228,0.466878240430532
"ASN-EUR",1.1703722929917,195,0.0229349841568179,0.0452339246127776,"model4b_random","EUR",0.1,10,5000,0.880047,0.184055494251499,0.0225744789645809,0.1,0.0111111111111111,0.0858352967760196,0.00939337717299209,0.00435822163372326,0.0435822163372326,0.880047,2.03170310681228,1.16966735490544
"ASN-AFR",2.11837369048212,188,0.0339293422883752,0.0669334664754309,"model4b_random","EUR",0.1,10,5000,0.880047,0.184055494251499,0.0225744789645809,0.1,0.0111111111111111,0.0858352967760196,0.00939337717299209,0.00435822163372326,0.0435822163372326,0.880047,2.03170310681228,2.1493138799574
"EUR-AFR",1.32360262542946,194,0.0196332856928399,0.0387233512719355,"model4b_random","EUR",0.1,2,5000,0.880184,0.131317203613832,0.0151197369860604,0.1,0.0111111111111111,0.0916550435830917,0.0100913821592723,0.00992520239634261,0.0198504047926852,0.880184,1.36077632874544,1.31317203613832
"EUR-ASN",0.959686614700995,196,0.0168579728780684,0.0332473624063001,"model4b_random","EUR",0.1,2,5000,0.880184,0.131317203613832,0.0151197369860604,0.1,0.0111111111111111,0.0916550435830917,0.0100913821592723,0.00992520239634261,0.0198504047926852,0.880184,1.36077632874544,0.916550435830917
"AFR-EUR",0.763489192254243,192,0.0111550914743497,0.022002993925531,"model4b_random","EUR",0.1,2,5000,0.880184,0.131317203613832,0.0151197369860604,0.1,0.0111111111111111,0.0916550435830917,0.0100913821592723,0.00992520239634261,0.0198504047926852,0.880184,1.36077632874544,0.762358699326398
"AFR-ASN",0.72971917325321,197,0.0124833138255997,0.0246188577784089,"model4b_random","EUR",0.1,2,5000,0.880184,0.131317203613832,0.0151197369860604,0.1,0.0111111111111111,0.0916550435830917,0.0100913821592723,0.00992520239634261,0.0198504047926852,0.880184,1.36077632874544,0.698506502014501
"ASN-EUR",1.0783304625652,196,0.0186628976121776,0.0368070422791448,"model4b_random","EUR",0.1,2,5000,0.880184,0.131317203613832,0.0151197369860604,0.1,0.0111111111111111,0.0916550435830917,0.0100913821592723,0.00992520239634261,0.0198504047926852,0.880184,1.36077632874544,1.09206239815294
"ASN-AFR",1.41246657829361,195,0.0236940613354572,0.0467310278869319,"model4b_random","EUR",0.1,2,5000,0.880184,0.131317203613832,0.0151197369860604,0.1,0.0111111111111111,0.0916550435830917,0.0100913821592723,0.00992520239634261,0.0198504047926852,0.880184,1.36077632874544,1.43357696469472
"EUR-AFR",1.66213161234057,196,0.0232726811034382,0.0458984759560794,"model4b_random","EUR",0.1,5,5000,0.880221,0.163477632125679,0.0195507347368007,0.1,0.0111111111111111,0.0875821356799842,0.00960090388392268,0.00715970786263806,0.0357985393131903,0.880221,1.75956612631206,1.63477632125679
"EUR-ASN",0.921194048050368,196,0.0174714441572091,0.0344572529483582,"model4b_random","EUR",0.1,5,5000,0.880221,0.163477632125679,0.0195507347368007,0.1,0.0111111111111111,0.0875821356799842,0.00960090388392268,0.00715970786263806,0.0357985393131903,0.880221,1.75956612631206,0.875821356799841
"AFR-EUR",0.613486266694375,197,0.00880027335301943,0.0173553818413836,"model4b_random","EUR",0.1,5,5000,0.880221,0.163477632125679,0.0195507347368007,0.1,0.0111111111111111,0.0875821356799842,0.00960090388392268,0.00715970786263806,0.0357985393131903,0.880221,1.75956612631206,0.612793284802164
"AFR-ASN",0.546668039483554,192,0.0084306186368438,0.0166290748113974,"model4b_random","EUR",0.1,5,5000,0.880221,0.163477632125679,0.0195507347368007,0.1,0.0111111111111111,0.0875821356799842,0.00960090388392268,0.00715970786263806,0.0357985393131903,0.880221,1.75956612631206,0.536228531707325
"ASN-EUR",1.12809248479402,195,0.0209822913075229,0.0413826919050077,"model4b_random","EUR",0.1,5,5000,0.880221,0.163477632125679,0.0195507347368007,0.1,0.0111111111111111,0.0875821356799842,0.00960090388392268,0.00715970786263806,0.0357985393131903,0.880221,1.75956612631206,1.1440350798266
"ASN-AFR",1.84340325135088,194,0.029121615607108,0.0574374849122469,"model4b_random","EUR",0.1,5,5000,0.880221,0.163477632125679,0.0195507347368007,0.1,0.0111111111111111,0.0875821356799842,0.00960090388392268,0.00715970786263806,0.0357985393131903,0.880221,1.75956612631206,1.86862103099127
